{"level":"info","message":"Connecting to MongoDB for department seeding","service":"citizen-grievance-backend","timestamp":"2026-05-25 22:04:50"}
{"level":"info","message":"Seeding departments","service":"citizen-grievance-backend","timestamp":"2026-05-25 22:04:50"}
{"level":"info","message":"Departments seeded successfully","service":"citizen-grievance-backend","timestamp":"2026-05-25 22:04:50"}
{"level":"info","message":"Connecting to MongoDB for user seeding","service":"citizen-grievance-backend","timestamp":"2026-05-25 22:05:16"}
{"level":"info","message":"Upserting test users","service":"citizen-grievance-backend","timestamp":"2026-05-25 22:05:16"}
{"level":"info","message":"User admin@janseva.gov.in already exists, skipping.","service":"citizen-grievance-backend","timestamp":"2026-05-25 22:05:17"}
{"level":"info","message":"Created user: supervisor@works.janseva.gov.in (supervisor)","service":"citizen-grievance-backend","timestamp":"2026-05-25 22:05:17"}
{"level":"info","message":"Created user: officer@sanitation.janseva.gov.in (officer)","service":"citizen-grievance-backend","timestamp":"2026-05-25 22:05:17"}
{"level":"info","message":"Created user: citizen@gmail.com (citizen)","service":"citizen-grievance-backend","timestamp":"2026-05-25 22:05:17"}
{"level":"info","message":"Citizen Grievance Backend running on port 5000","service":"citizen-grievance-backend","timestamp":"2026-05-25 22:05:32"}
{"level":"info","message":"MongoDB connected: 127.0.0.1","service":"citizen-grievance-backend","timestamp":"2026-05-25 22:05:32"}
{"email":"citizen@gmail.com","level":"info","message":"User login success","role":"citizen","service":"citizen-grievance-backend","timestamp":"2026-05-25 22:08:17"}
{"ip":"::1","level":"info","message":"POST /api/auth/login 200 175ms","method":"POST","responseTimeMs":175,"service":"citizen-grievance-backend","statusCode":200,"timestamp":"2026-05-25 22:08:17","url":"/api/auth/login"}
{"email":"admin@janseva.gov.in","level":"warn","message":"Failed login: admin@janseva.gov.in","reason":"password_mismatch","role":"admin","service":"citizen-grievance-backend","timestamp":"2026-05-25 22:08:17"}
{"ip":"::1","level":"error","message":"Error: Invalid email or password\n    at Object.loginUser (C:\\Users\\M. Devika Rani\\Desktop\\Citizen-Grievance-System\\backend\\src\\services\\authService.js:77:11)\n    at async C:\\Users\\M. Devika Rani\\Desktop\\Citizen-Grievance-System\\backend\\src\\controllers\\authController.js:80:18","method":"POST","service":"citizen-grievance-backend","statusCode":401,"timestamp":"2026-05-25 22:08:17","url":"/api/auth/login"}
{"ip":"::1","level":"warn","message":"POST /api/auth/login 401 133ms","method":"POST","responseTimeMs":133,"service":"citizen-grievance-backend","statusCode":401,"timestamp":"2026-05-25 22:08:17","url":"/api/auth/login"}
{"level":"info","message":"Connecting to MongoDB for user seeding","service":"citizen-grievance-backend","timestamp":"2026-05-25 22:08:40"}
{"level":"info","message":"Upserting test users","service":"citizen-grievance-backend","timestamp":"2026-05-25 22:08:41"}
{"level":"info","message":"Updated existing user: admin@janseva.gov.in (admin)","service":"citizen-grievance-backend","timestamp":"2026-05-25 22:08:41"}
{"level":"info","message":"Updated existing user: supervisor@works.janseva.gov.in (supervisor)","service":"citizen-grievance-backend","timestamp":"2026-05-25 22:08:41"}
{"level":"info","message":"Updated existing user: officer@sanitation.janseva.gov.in (officer)","service":"citizen-grievance-backend","timestamp":"2026-05-25 22:08:41"}
{"level":"info","message":"Updated existing user: citizen@gmail.com (citizen)","service":"citizen-grievance-backend","timestamp":"2026-05-25 22:08:41"}
{"email":"citizen@gmail.com","level":"info","message":"User login success","role":"citizen","service":"citizen-grievance-backend","timestamp":"2026-05-25 22:08:51"}
{"ip":"::1","level":"info","message":"POST /api/auth/login 200 300ms","method":"POST","responseTimeMs":300,"service":"citizen-grievance-backend","statusCode":200,"timestamp":"2026-05-25 22:08:51","url":"/api/auth/login"}
{"email":"admin@janseva.gov.in","level":"info","message":"Admin logged in: admin@janseva.gov.in","role":"admin","service":"citizen-grievance-backend","timestamp":"2026-05-25 22:08:52"}
{"ip":"::1","level":"info","message":"POST /api/auth/login 200 300ms","method":"POST","responseTimeMs":300,"service":"citizen-grievance-backend","statusCode":200,"timestamp":"2026-05-25 22:08:52","url":"/api/auth/login"}
{"email":"supervisor@works.janseva.gov.in","level":"info","message":"User login success","role":"supervisor","service":"citizen-grievance-backend","timestamp":"2026-05-25 22:08:52"}
{"ip":"::1","level":"info","message":"POST /api/auth/login 200 308ms","method":"POST","responseTimeMs":308,"service":"citizen-grievance-backend","statusCode":200,"timestamp":"2026-05-25 22:08:52","url":"/api/auth/login"}
{"email":"officer@sanitation.janseva.gov.in","level":"info","message":"User login success","role":"officer","service":"citizen-grievance-backend","timestamp":"2026-05-25 22:08:52"}
{"ip":"::1","level":"info","message":"POST /api/auth/login 200 328ms","method":"POST","responseTimeMs":328,"service":"citizen-grievance-backend","statusCode":200,"timestamp":"2026-05-25 22:08:52","url":"/api/auth/login"}
{"ip":"::1","level":"info","message":"GET /api/auth/me 200 21ms","method":"GET","responseTimeMs":21,"service":"citizen-grievance-backend","statusCode":200,"timestamp":"2026-05-25 22:08:52","url":"/api/auth/me"}
{"email":"citizen@gmail.com","level":"info","message":"User login success","role":"citizen","service":"citizen-grievance-backend","timestamp":"2026-05-25 22:09:13"}
{"ip":"::1","level":"info","message":"POST /api/auth/login 200 121ms","method":"POST","responseTimeMs":121,"service":"citizen-grievance-backend","statusCode":200,"timestamp":"2026-05-25 22:09:13","url":"/api/auth/login"}
{"email":"admin@janseva.gov.in","level":"info","message":"Admin logged in: admin@janseva.gov.in","role":"admin","service":"citizen-grievance-backend","timestamp":"2026-05-25 22:09:13"}
{"ip":"::1","level":"info","message":"POST /api/auth/login 200 200ms","method":"POST","responseTimeMs":200,"service":"citizen-grievance-backend","statusCode":200,"timestamp":"2026-05-25 22:09:13","url":"/api/auth/login"}
{"email":"supervisor@works.janseva.gov.in","level":"info","message":"User login success","role":"supervisor","service":"citizen-grievance-backend","timestamp":"2026-05-25 22:09:13"}
{"ip":"::1","level":"info","message":"POST /api/auth/login 200 140ms","method":"POST","responseTimeMs":140,"service":"citizen-grievance-backend","statusCode":200,"timestamp":"2026-05-25 22:09:13","url":"/api/auth/login"}
{"email":"officer@sanitation.janseva.gov.in","level":"info","message":"User login success","role":"officer","service":"citizen-grievance-backend","timestamp":"2026-05-25 22:09:13"}
{"ip":"::1","level":"info","message":"POST /api/auth/login 200 120ms","method":"POST","responseTimeMs":120,"service":"citizen-grievance-backend","statusCode":200,"timestamp":"2026-05-25 22:09:13","url":"/api/auth/login"}
{"ip":"::1","level":"info","message":"GET /api/auth/me 200 3ms","method":"GET","responseTimeMs":3,"service":"citizen-grievance-backend","statusCode":200,"timestamp":"2026-05-25 22:09:14","url":"/api/auth/me"}
{"analysis":{"confidence":91,"priority":"Medium","reason":["Roadway collapse or structural hazard detected","School nearby","Affected multiple citizens"],"severityScore":60},"level":"info","message":"AI severity analysis completed","service":"citizen-grievance-backend","timestamp":"2026-05-25 22:09:14"}
{"confidence":91,"level":"info","message":"AI priority prediction generated","priority":"Medium","service":"citizen-grievance-backend","timestamp":"2026-05-25 22:09:14"}
{"ip":"::1","level":"info","message":"POST /api/ai/severity 200 172ms","method":"POST","responseTimeMs":172,"service":"citizen-grievance-backend","statusCode":200,"timestamp":"2026-05-25 22:09:14","url":"/api/ai/severity"}
{"level":"info","message":"AI resolution prediction completed","prediction":{"confidence":94.4,"delayRisk":"Medium","escalationProbability":6,"estimatedDays":3.7,"suggestedPriority":"low"},"service":"citizen-grievance-backend","timestamp":"2026-05-25 22:09:14"}
{"confidence":94.4,"department":"Roads & Transport","level":"info","message":"AI department/priority prediction generated","priority":"high","service":"citizen-grievance-backend","timestamp":"2026-05-25 22:09:14"}
{"ip":"::1","level":"info","message":"POST /api/ai/predict-resolution 200 93ms","method":"POST","responseTimeMs":93,"service":"citizen-grievance-backend","statusCode":200,"timestamp":"2026-05-25 22:09:14","url":"/api/ai/predict-resolution"}
{"citizenId":"6a147a45b55738de8a9ffa3f","complaintId":"6a147b3250f9595352ac6f32","departmentId":"6a05f9dfb9c478fe364a7f82","imagePath":"/uploads/complaints/1779727154297-temp_before.png","level":"info","message":"Complaint created","service":"citizen-grievance-backend","spamRisk":"Low","spamScore":15,"timestamp":"2026-05-25 22:09:14","trustScore":100}
{"level":"info","message":"Hotspot clustering updated successfully","service":"citizen-grievance-backend","timestamp":"2026-05-25 22:09:14"}
{"complaintId":"6a147b3250f9595352ac6f32","level":"info","message":"Nearby citizen notifications sent","notifiedCount":0,"service":"citizen-grievance-backend","timestamp":"2026-05-25 22:09:14"}
{"ip":"::1","level":"info","message":"POST /api/complaints 201 259ms","method":"POST","responseTimeMs":259,"service":"citizen-grievance-backend","statusCode":201,"timestamp":"2026-05-25 22:09:14","url":"/api/complaints"}
{"ip":"::1","level":"error","message":"Error: You can only view officers in your department\n    at Object.getDepartmentTeamForComplaint (C:\\Users\\M. Devika Rani\\Desktop\\Citizen-Grievance-System\\backend\\src\\services\\assignmentService.js:38:11)\n    at process.processTicksAndRejections (node:internal/process/task_queues:103:5)\n    at async C:\\Users\\M. Devika Rani\\Desktop\\Citizen-Grievance-System\\backend\\src\\controllers\\complaintController.js:494:16","method":"GET","service":"citizen-grievance-backend","statusCode":403,"timestamp":"2026-05-25 22:09:14","url":"/api/complaints/6a147b3250f9595352ac6f32/assignment-options"}
{"ip":"::1","level":"warn","message":"GET /api/complaints/6a147b3250f9595352ac6f32/assignment-options 403 20ms","method":"GET","responseTimeMs":20,"service":"citizen-grievance-backend","statusCode":403,"timestamp":"2026-05-25 22:09:14","url":"/api/complaints/6a147b3250f9595352ac6f32/assignment-options"}
{"ip":"::1","level":"error","message":"Error: Supervisors can only assign complaints in their department\n    at Object.assignOfficerToComplaint (C:\\Users\\M. Devika Rani\\Desktop\\Citizen-Grievance-System\\backend\\src\\services\\assignmentService.js:63:11)\n    at process.processTicksAndRejections (node:internal/process/task_queues:103:5)\n    at async C:\\Users\\M. Devika Rani\\Desktop\\Citizen-Grievance-System\\backend\\src\\controllers\\complaintController.js:504:21","method":"PATCH","service":"citizen-grievance-backend","statusCode":403,"timestamp":"2026-05-25 22:09:14","url":"/api/complaints/6a147b3250f9595352ac6f32/assign-officer"}
{"ip":"::1","level":"warn","message":"PATCH /api/complaints/6a147b3250f9595352ac6f32/assign-officer 403 12ms","method":"PATCH","responseTimeMs":12,"service":"citizen-grievance-backend","statusCode":403,"timestamp":"2026-05-25 22:09:14","url":"/api/complaints/6a147b3250f9595352ac6f32/assign-officer"}
{"level":"info","message":"Connecting to MongoDB for user seeding","service":"citizen-grievance-backend","timestamp":"2026-05-25 22:09:34"}
{"level":"info","message":"Upserting test users","service":"citizen-grievance-backend","timestamp":"2026-05-25 22:09:35"}
{"level":"info","message":"Updated existing user: admin@janseva.gov.in (admin)","service":"citizen-grievance-backend","timestamp":"2026-05-25 22:09:35"}
{"level":"info","message":"Updated existing user: supervisor@works.janseva.gov.in (supervisor)","service":"citizen-grievance-backend","timestamp":"2026-05-25 22:09:35"}
{"level":"info","message":"Updated existing user: officer@sanitation.janseva.gov.in (officer)","service":"citizen-grievance-backend","timestamp":"2026-05-25 22:09:35"}
{"level":"info","message":"Updated existing user: citizen@gmail.com (citizen)","service":"citizen-grievance-backend","timestamp":"2026-05-25 22:09:35"}
{"email":"citizen@gmail.com","level":"info","message":"User login success","role":"citizen","service":"citizen-grievance-backend","timestamp":"2026-05-25 22:09:46"}
{"ip":"::1","level":"info","message":"POST /api/auth/login 200 156ms","method":"POST","responseTimeMs":156,"service":"citizen-grievance-backend","statusCode":200,"timestamp":"2026-05-25 22:09:46","url":"/api/auth/login"}
{"email":"admin@janseva.gov.in","level":"info","message":"Admin logged in: admin@janseva.gov.in","role":"admin","service":"citizen-grievance-backend","timestamp":"2026-05-25 22:09:46"}
{"ip":"::1","level":"info","message":"POST /api/auth/login 200 262ms","method":"POST","responseTimeMs":262,"service":"citizen-grievance-backend","statusCode":200,"timestamp":"2026-05-25 22:09:46","url":"/api/auth/login"}
{"email":"supervisor@works.janseva.gov.in","level":"info","message":"User login success","role":"supervisor","service":"citizen-grievance-backend","timestamp":"2026-05-25 22:09:47"}
{"ip":"::1","level":"info","message":"POST /api/auth/login 200 119ms","method":"POST","responseTimeMs":119,"service":"citizen-grievance-backend","statusCode":200,"timestamp":"2026-05-25 22:09:47","url":"/api/auth/login"}
{"email":"officer@sanitation.janseva.gov.in","level":"info","message":"User login success","role":"officer","service":"citizen-grievance-backend","timestamp":"2026-05-25 22:09:47"}
{"ip":"::1","level":"info","message":"POST /api/auth/login 200 173ms","method":"POST","responseTimeMs":173,"service":"citizen-grievance-backend","statusCode":200,"timestamp":"2026-05-25 22:09:47","url":"/api/auth/login"}
{"ip":"::1","level":"info","message":"GET /api/auth/me 200 4ms","method":"GET","responseTimeMs":4,"service":"citizen-grievance-backend","statusCode":200,"timestamp":"2026-05-25 22:09:47","url":"/api/auth/me"}
{"analysis":{"confidence":91,"priority":"High","reason":["Roadway collapse or structural hazard detected","School nearby","Affected multiple citizens"],"severityScore":62},"level":"info","message":"AI severity analysis completed","service":"citizen-grievance-backend","timestamp":"2026-05-25 22:09:47"}
{"confidence":91,"level":"info","message":"AI priority prediction generated","priority":"High","service":"citizen-grievance-backend","timestamp":"2026-05-25 22:09:47"}
{"ip":"::1","level":"info","message":"POST /api/ai/severity 200 29ms","method":"POST","responseTimeMs":29,"service":"citizen-grievance-backend","statusCode":200,"timestamp":"2026-05-25 22:09:47","url":"/api/ai/severity"}
{"level":"info","message":"AI resolution prediction completed","prediction":{"confidence":94.5,"delayRisk":"High","escalationProbability":53,"estimatedDays":4,"suggestedPriority":"medium"},"service":"citizen-grievance-backend","timestamp":"2026-05-25 22:09:47"}
{"confidence":94.5,"department":"Roads & Transport","level":"info","message":"AI department/priority prediction generated","priority":"high","service":"citizen-grievance-backend","timestamp":"2026-05-25 22:09:47"}
{"ip":"::1","level":"info","message":"POST /api/ai/predict-resolution 200 73ms","method":"POST","responseTimeMs":73,"service":"citizen-grievance-backend","statusCode":200,"timestamp":"2026-05-25 22:09:47","url":"/api/ai/predict-resolution"}
{"citizenId":"6a147a45b55738de8a9ffa3f","complaintId":"6a147b5350f9595352ac6f4b","departmentId":"6a05f9dfb9c478fe364a7f82","imagePath":"/uploads/complaints/1779727187379-temp_before.png","level":"info","message":"Complaint created","service":"citizen-grievance-backend","spamRisk":"Medium","spamScore":40,"timestamp":"2026-05-25 22:09:47","trustScore":85}
{"level":"info","message":"Hotspot clustering updated successfully","service":"citizen-grievance-backend","timestamp":"2026-05-25 22:09:47"}
{"complaintId":"6a147b5350f9595352ac6f4b","level":"info","message":"Nearby citizen notifications sent","notifiedCount":0,"service":"citizen-grievance-backend","timestamp":"2026-05-25 22:09:47"}
{"ip":"::1","level":"info","message":"POST /api/complaints 201 40ms","method":"POST","responseTimeMs":40,"service":"citizen-grievance-backend","statusCode":201,"timestamp":"2026-05-25 22:09:47","url":"/api/complaints"}
{"ip":"::1","level":"info","message":"GET /api/complaints/6a147b5350f9595352ac6f4b/assignment-options 200 13ms","method":"GET","responseTimeMs":13,"service":"citizen-grievance-backend","statusCode":200,"timestamp":"2026-05-25 22:09:47","url":"/api/complaints/6a147b5350f9595352ac6f4b/assignment-options"}
{"actorId":"6a147a45b55738de8a9ffa39","complaintId":"6a147b5350f9595352ac6f4b","level":"info","message":"Complaint 6a147b5350f9595352ac6f4b assigned to Officer 6a147a45b55738de8a9ffa3c","officerId":"6a147a45b55738de8a9ffa3c","service":"citizen-grievance-backend","timestamp":"2026-05-25 22:09:47"}
{"ip":"::1","level":"info","message":"PATCH /api/complaints/6a147b5350f9595352ac6f4b/assign-officer 200 25ms","method":"PATCH","responseTimeMs":25,"service":"citizen-grievance-backend","statusCode":200,"timestamp":"2026-05-25 22:09:47","url":"/api/complaints/6a147b5350f9595352ac6f4b/assign-officer"}
{"ip":"::1","level":"info","message":"GET /api/complaints 200 18ms","method":"GET","responseTimeMs":18,"service":"citizen-grievance-backend","statusCode":200,"timestamp":"2026-05-25 22:09:47","url":"/api/complaints"}
{"errorText":"{\"confidence\":50,\"differenceScore\":0,\"reasons\":[\"Missing image files for comparison\"],\"result\":\"Could not read before/after images for analysis\",\"status\":\"Not resolved\"}\n","level":"error","message":"AI resolution verification failed","service":"citizen-grievance-backend","timestamp":"2026-05-25 22:09:47"}
{"level":"error","message":"AI resolution verification request error AI service failed to verify resolution proof","service":"citizen-grievance-backend","stack":"Error: AI service failed to verify resolution proof\n    at verifyResolutionProof (C:\\Users\\M. Devika Rani\\Desktop\\Citizen-Grievance-System\\backend\\src\\services\\aiService.js:143:13)\n    at process.processTicksAndRejections (node:internal/process/task_queues:103:5)\n    at async C:\\Users\\M. Devika Rani\\Desktop\\Citizen-Grievance-System\\backend\\src\\controllers\\complaintController.js:565:32","timestamp":"2026-05-25 22:09:47"}
{"actorId":"6a147a45b55738de8a9ffa3c","complaintId":"6a147b5350f9595352ac6f4b","fromStatus":"assigned","level":"info","message":"Complaint status changed","service":"citizen-grievance-backend","timestamp":"2026-05-25 22:09:47","toStatus":"resolved"}
{"actorId":"6a147a45b55738de8a9ffa3c","complaintId":"6a147b5350f9595352ac6f4b","level":"info","message":"Complaint resolved","service":"citizen-grievance-backend","timestamp":"2026-05-25 22:09:47"}
{"ip":"::1","level":"info","message":"PATCH /api/complaints/6a147b5350f9595352ac6f4b 200 299ms","method":"PATCH","responseTimeMs":299,"service":"citizen-grievance-backend","statusCode":200,"timestamp":"2026-05-25 22:09:47","url":"/api/complaints/6a147b5350f9595352ac6f4b"}
{"ip":"::1","level":"info","message":"GET /api/governance/timeline 200 14ms","method":"GET","responseTimeMs":14,"service":"citizen-grievance-backend","statusCode":200,"timestamp":"2026-05-25 22:09:47","url":"/api/governance/timeline"}
{"ip":"::1","level":"info","message":"GET /api/updates/live 200 19ms","method":"GET","responseTimeMs":19,"service":"citizen-grievance-backend","statusCode":200,"timestamp":"2026-05-25 22:09:47","url":"/api/updates/live"}
{"email":"citizen@gmail.com","level":"info","message":"User login success","role":"citizen","service":"citizen-grievance-backend","timestamp":"2026-05-25 22:11:39"}
{"ip":"::1","level":"info","message":"POST /api/auth/login 200 150ms","method":"POST","responseTimeMs":150,"service":"citizen-grievance-backend","statusCode":200,"timestamp":"2026-05-25 22:11:39","url":"/api/auth/login"}
{"email":"admin@janseva.gov.in","level":"info","message":"Admin logged in: admin@janseva.gov.in","role":"admin","service":"citizen-grievance-backend","timestamp":"2026-05-25 22:11:39"}
{"ip":"::1","level":"info","message":"POST /api/auth/login 200 99ms","method":"POST","responseTimeMs":99,"service":"citizen-grievance-backend","statusCode":200,"timestamp":"2026-05-25 22:11:39","url":"/api/auth/login"}
{"email":"supervisor@works.janseva.gov.in","level":"info","message":"User login success","role":"supervisor","service":"citizen-grievance-backend","timestamp":"2026-05-25 22:11:39"}
{"ip":"::1","level":"info","message":"POST /api/auth/login 200 107ms","method":"POST","responseTimeMs":107,"service":"citizen-grievance-backend","statusCode":200,"timestamp":"2026-05-25 22:11:39","url":"/api/auth/login"}
{"email":"officer@sanitation.janseva.gov.in","level":"info","message":"User login success","role":"officer","service":"citizen-grievance-backend","timestamp":"2026-05-25 22:11:40"}
{"ip":"::1","level":"info","message":"POST /api/auth/login 200 101ms","method":"POST","responseTimeMs":101,"service":"citizen-grievance-backend","statusCode":200,"timestamp":"2026-05-25 22:11:40","url":"/api/auth/login"}
{"ip":"::1","level":"info","message":"GET /api/auth/me 200 12ms","method":"GET","responseTimeMs":12,"service":"citizen-grievance-backend","statusCode":200,"timestamp":"2026-05-25 22:11:40","url":"/api/auth/me"}
{"analysis":{"confidence":91,"priority":"High","reason":["Roadway collapse or structural hazard detected","School nearby","Affected multiple citizens"],"severityScore":63},"level":"info","message":"AI severity analysis completed","service":"citizen-grievance-backend","timestamp":"2026-05-25 22:11:40"}
{"confidence":91,"level":"info","message":"AI priority prediction generated","priority":"High","service":"citizen-grievance-backend","timestamp":"2026-05-25 22:11:40"}
{"ip":"::1","level":"info","message":"POST /api/ai/severity 200 78ms","method":"POST","responseTimeMs":78,"service":"citizen-grievance-backend","statusCode":200,"timestamp":"2026-05-25 22:11:40","url":"/api/ai/severity"}
{"level":"info","message":"AI resolution prediction completed","prediction":{"confidence":94.1,"delayRisk":"Medium","escalationProbability":22,"estimatedDays":3.1,"suggestedPriority":"low"},"service":"citizen-grievance-backend","timestamp":"2026-05-25 22:11:40"}
{"confidence":94.1,"department":"Roads & Transport","level":"info","message":"AI department/priority prediction generated","priority":"high","service":"citizen-grievance-backend","timestamp":"2026-05-25 22:11:40"}
{"ip":"::1","level":"info","message":"POST /api/ai/predict-resolution 200 129ms","method":"POST","responseTimeMs":129,"service":"citizen-grievance-backend","statusCode":200,"timestamp":"2026-05-25 22:11:40","url":"/api/ai/predict-resolution"}
{"citizenId":"6a147a45b55738de8a9ffa3f","complaintId":"6a147bc450f9595352ac6f7c","departmentId":"6a05f9dfb9c478fe364a7f82","imagePath":"/uploads/complaints/1779727300306-temp_before.png","level":"info","message":"Complaint created","service":"citizen-grievance-backend","spamRisk":"Medium","spamScore":40,"timestamp":"2026-05-25 22:11:40","trustScore":70}
{"level":"info","message":"Hotspot clustering updated successfully","service":"citizen-grievance-backend","timestamp":"2026-05-25 22:11:40"}
{"complaintId":"6a147bc450f9595352ac6f7c","level":"info","message":"Nearby citizen notifications sent","notifiedCount":0,"service":"citizen-grievance-backend","timestamp":"2026-05-25 22:11:40"}
{"ip":"::1","level":"info","message":"POST /api/complaints 201 129ms","method":"POST","responseTimeMs":129,"service":"citizen-grievance-backend","statusCode":201,"timestamp":"2026-05-25 22:11:40","url":"/api/complaints"}
{"ip":"::1","level":"info","message":"GET /api/complaints/6a147bc450f9595352ac6f7c/assignment-options 200 18ms","method":"GET","responseTimeMs":18,"service":"citizen-grievance-backend","statusCode":200,"timestamp":"2026-05-25 22:11:40","url":"/api/complaints/6a147bc450f9595352ac6f7c/assignment-options"}
{"actorId":"6a147a45b55738de8a9ffa39","complaintId":"6a147bc450f9595352ac6f7c","level":"info","message":"Complaint 6a147bc450f9595352ac6f7c assigned to Officer 6a147a45b55738de8a9ffa3c","officerId":"6a147a45b55738de8a9ffa3c","service":"citizen-grievance-backend","timestamp":"2026-05-25 22:11:40"}
{"ip":"::1","level":"info","message":"PATCH /api/complaints/6a147bc450f9595352ac6f7c/assign-officer 200 28ms","method":"PATCH","responseTimeMs":28,"service":"citizen-grievance-backend","statusCode":200,"timestamp":"2026-05-25 22:11:40","url":"/api/complaints/6a147bc450f9595352ac6f7c/assign-officer"}
{"ip":"::1","level":"info","message":"GET /api/complaints 200 14ms","method":"GET","responseTimeMs":14,"service":"citizen-grievance-backend","statusCode":200,"timestamp":"2026-05-25 22:11:40","url":"/api/complaints"}
{"level":"info","message":"AI resolution verification completed","service":"citizen-grievance-backend","timestamp":"2026-05-25 22:11:41","verification":{"confidence":85,"differenceScore":75,"reasons":["Automated proof analysis complete"],"result":"Issue appears resolved (fallback estimation)","status":"Verified"}}
{"actorId":"6a147a45b55738de8a9ffa3c","complaintId":"6a147bc450f9595352ac6f7c","fromStatus":"assigned","level":"info","message":"Complaint status changed","service":"citizen-grievance-backend","timestamp":"2026-05-25 22:11:41","toStatus":"resolved"}
{"actorId":"6a147a45b55738de8a9ffa3c","complaintId":"6a147bc450f9595352ac6f7c","level":"info","message":"Complaint resolved","service":"citizen-grievance-backend","timestamp":"2026-05-25 22:11:41"}
{"ip":"::1","level":"info","message":"PATCH /api/complaints/6a147bc450f9595352ac6f7c 200 871ms","method":"PATCH","responseTimeMs":871,"service":"citizen-grievance-backend","statusCode":200,"timestamp":"2026-05-25 22:11:41","url":"/api/complaints/6a147bc450f9595352ac6f7c"}
{"ip":"::1","level":"info","message":"GET /api/governance/timeline 200 15ms","method":"GET","responseTimeMs":15,"service":"citizen-grievance-backend","statusCode":200,"timestamp":"2026-05-25 22:11:41","url":"/api/governance/timeline"}
{"ip":"::1","level":"info","message":"GET /api/updates/live 200 13ms","method":"GET","responseTimeMs":13,"service":"citizen-grievance-backend","statusCode":200,"timestamp":"2026-05-25 22:11:41","url":"/api/updates/live"}
{"email":"citizen@gmail.com","level":"info","message":"User login success","role":"citizen","service":"citizen-grievance-backend","timestamp":"2026-05-25 22:15:15"}
{"ip":"::1","level":"info","message":"POST /api/auth/login 200 163ms","method":"POST","responseTimeMs":163,"service":"citizen-grievance-backend","statusCode":200,"timestamp":"2026-05-25 22:15:15","url":"/api/auth/login"}
{"email":"admin@janseva.gov.in","level":"info","message":"Admin logged in: admin@janseva.gov.in","role":"admin","service":"citizen-grievance-backend","timestamp":"2026-05-25 22:15:16"}
{"ip":"::1","level":"info","message":"POST /api/auth/login 200 95ms","method":"POST","responseTimeMs":95,"service":"citizen-grievance-backend","statusCode":200,"timestamp":"2026-05-25 22:15:16","url":"/api/auth/login"}
{"email":"supervisor@works.janseva.gov.in","level":"info","message":"User login success","role":"supervisor","service":"citizen-grievance-backend","timestamp":"2026-05-25 22:15:16"}
{"ip":"::1","level":"info","message":"POST /api/auth/login 200 97ms","method":"POST","responseTimeMs":97,"service":"citizen-grievance-backend","statusCode":200,"timestamp":"2026-05-25 22:15:16","url":"/api/auth/login"}
{"email":"officer@sanitation.janseva.gov.in","level":"info","message":"User login success","role":"officer","service":"citizen-grievance-backend","timestamp":"2026-05-25 22:15:16"}
{"ip":"::1","level":"info","message":"POST /api/auth/login 200 95ms","method":"POST","responseTimeMs":95,"service":"citizen-grievance-backend","statusCode":200,"timestamp":"2026-05-25 22:15:16","url":"/api/auth/login"}
{"ip":"::1","level":"info","message":"GET /api/auth/me 200 8ms","method":"GET","responseTimeMs":8,"service":"citizen-grievance-backend","statusCode":200,"timestamp":"2026-05-25 22:15:16","url":"/api/auth/me"}
{"analysis":{"confidence":91,"priority":"High","reason":["Roadway collapse or structural hazard detected","School nearby","Affected multiple citizens"],"severityScore":64},"level":"info","message":"AI severity analysis completed","service":"citizen-grievance-backend","timestamp":"2026-05-25 22:15:16"}
{"confidence":91,"level":"info","message":"AI priority prediction generated","priority":"High","service":"citizen-grievance-backend","timestamp":"2026-05-25 22:15:16"}
{"ip":"::1","level":"info","message":"POST /api/ai/severity 200 98ms","method":"POST","responseTimeMs":98,"service":"citizen-grievance-backend","statusCode":200,"timestamp":"2026-05-25 22:15:16","url":"/api/ai/severity"}
{"level":"info","message":"AI resolution prediction completed","prediction":{"confidence":93.5,"delayRisk":"Low","escalationProbability":0,"estimatedDays":2,"suggestedPriority":"low"},"service":"citizen-grievance-backend","timestamp":"2026-05-25 22:15:16"}
{"confidence":93.5,"department":"Roads & Transport","level":"info","message":"AI department/priority prediction generated","priority":"high","service":"citizen-grievance-backend","timestamp":"2026-05-25 22:15:16"}
{"ip":"::1","level":"info","message":"POST /api/ai/predict-resolution 200 62ms","method":"POST","responseTimeMs":62,"service":"citizen-grievance-backend","statusCode":200,"timestamp":"2026-05-25 22:15:16","url":"/api/ai/predict-resolution"}
{"citizenId":"6a147a45b55738de8a9ffa3f","complaintId":"6a147c9c50f9595352ac6fad","departmentId":"6a05f9dfb9c478fe364a7f82","imagePath":"/uploads/complaints/1779727516469-temp_before.png","level":"info","message":"Complaint created","service":"citizen-grievance-backend","spamRisk":"Medium","spamScore":40,"timestamp":"2026-05-25 22:15:16","trustScore":55}
{"level":"info","message":"Hotspot clustering updated successfully","service":"citizen-grievance-backend","timestamp":"2026-05-25 22:15:16"}
{"complaintId":"6a147c9c50f9595352ac6fad","level":"info","message":"Nearby citizen notifications sent","notifiedCount":0,"service":"citizen-grievance-backend","timestamp":"2026-05-25 22:15:16"}
{"ip":"::1","level":"info","message":"POST /api/complaints 201 70ms","method":"POST","responseTimeMs":70,"service":"citizen-grievance-backend","statusCode":201,"timestamp":"2026-05-25 22:15:16","url":"/api/complaints"}
{"ip":"::1","level":"info","message":"GET /api/complaints/6a147c9c50f9595352ac6fad/assignment-options 200 12ms","method":"GET","responseTimeMs":12,"service":"citizen-grievance-backend","statusCode":200,"timestamp":"2026-05-25 22:15:16","url":"/api/complaints/6a147c9c50f9595352ac6fad/assignment-options"}
{"actorId":"6a147a45b55738de8a9ffa39","complaintId":"6a147c9c50f9595352ac6fad","level":"info","message":"Complaint 6a147c9c50f9595352ac6fad assigned to Officer 6a147a45b55738de8a9ffa3c","officerId":"6a147a45b55738de8a9ffa3c","service":"citizen-grievance-backend","timestamp":"2026-05-25 22:15:16"}
{"ip":"::1","level":"info","message":"PATCH /api/complaints/6a147c9c50f9595352ac6fad/assign-officer 200 23ms","method":"PATCH","responseTimeMs":23,"service":"citizen-grievance-backend","statusCode":200,"timestamp":"2026-05-25 22:15:16","url":"/api/complaints/6a147c9c50f9595352ac6fad/assign-officer"}
{"ip":"::1","level":"info","message":"GET /api/complaints 200 16ms","method":"GET","responseTimeMs":16,"service":"citizen-grievance-backend","statusCode":200,"timestamp":"2026-05-25 22:15:16","url":"/api/complaints"}
{"level":"info","message":"AI resolution verification completed","service":"citizen-grievance-backend","timestamp":"2026-05-25 22:15:17","verification":{"confidence":98,"differenceScore":0,"reasons":["Before and after images are visually identical","No physical work or changes detected in the area"],"result":"Issue remains unresolved","status":"Not resolved"}}
{"actorId":"6a147a45b55738de8a9ffa3c","complaintId":"6a147c9c50f9595352ac6fad","fromStatus":"assigned","level":"info","message":"Complaint status changed","service":"citizen-grievance-backend","timestamp":"2026-05-25 22:15:17","toStatus":"resolved"}
{"actorId":"6a147a45b55738de8a9ffa3c","complaintId":"6a147c9c50f9595352ac6fad","level":"info","message":"Complaint resolved","service":"citizen-grievance-backend","timestamp":"2026-05-25 22:15:17"}
{"ip":"::1","level":"info","message":"PATCH /api/complaints/6a147c9c50f9595352ac6fad 200 1035ms","method":"PATCH","responseTimeMs":1035,"service":"citizen-grievance-backend","statusCode":200,"timestamp":"2026-05-25 22:15:17","url":"/api/complaints/6a147c9c50f9595352ac6fad"}
{"ip":"::1","level":"info","message":"GET /api/governance/timeline 200 19ms","method":"GET","responseTimeMs":19,"service":"citizen-grievance-backend","statusCode":200,"timestamp":"2026-05-25 22:15:17","url":"/api/governance/timeline"}
{"ip":"::1","level":"info","message":"GET /api/updates/live 200 20ms","method":"GET","responseTimeMs":20,"service":"citizen-grievance-backend","statusCode":200,"timestamp":"2026-05-25 22:15:17","url":"/api/updates/live"}
{"email":"citizen@gmail.com","level":"info","message":"User login success","role":"citizen","service":"citizen-grievance-backend","timestamp":"2026-05-25 22:18:31"}
{"ip":"::1","level":"info","message":"POST /api/auth/login 200 131ms","method":"POST","responseTimeMs":131,"service":"citizen-grievance-backend","statusCode":200,"timestamp":"2026-05-25 22:18:31","url":"/api/auth/login"}
{"email":"admin@janseva.gov.in","level":"info","message":"Admin logged in: admin@janseva.gov.in","role":"admin","service":"citizen-grievance-backend","timestamp":"2026-05-25 22:18:31"}
{"ip":"::1","level":"info","message":"POST /api/auth/login 200 142ms","method":"POST","responseTimeMs":142,"service":"citizen-grievance-backend","statusCode":200,"timestamp":"2026-05-25 22:18:31","url":"/api/auth/login"}
{"email":"supervisor@works.janseva.gov.in","level":"info","message":"User login success","role":"supervisor","service":"citizen-grievance-backend","timestamp":"2026-05-25 22:18:31"}
{"ip":"::1","level":"info","message":"POST /api/auth/login 200 160ms","method":"POST","responseTimeMs":160,"service":"citizen-grievance-backend","statusCode":200,"timestamp":"2026-05-25 22:18:31","url":"/api/auth/login"}
{"email":"officer@sanitation.janseva.gov.in","level":"info","message":"User login success","role":"officer","service":"citizen-grievance-backend","timestamp":"2026-05-25 22:18:31"}
{"ip":"::1","level":"info","message":"POST /api/auth/login 200 146ms","method":"POST","responseTimeMs":146,"service":"citizen-grievance-backend","statusCode":200,"timestamp":"2026-05-25 22:18:31","url":"/api/auth/login"}
{"ip":"::1","level":"info","message":"GET /api/auth/me 200 4ms","method":"GET","responseTimeMs":4,"service":"citizen-grievance-backend","statusCode":200,"timestamp":"2026-05-25 22:18:31","url":"/api/auth/me"}
{"analysis":{"confidence":90,"priority":"High","reason":["Roadway collapse or structural hazard detected","School nearby","Affected multiple citizens"],"severityScore":66},"level":"info","message":"AI severity analysis completed","service":"citizen-grievance-backend","timestamp":"2026-05-25 22:18:31"}
{"confidence":90,"level":"info","message":"AI priority prediction generated","priority":"High","service":"citizen-grievance-backend","timestamp":"2026-05-25 22:18:31"}
{"ip":"::1","level":"info","message":"POST /api/ai/severity 200 20ms","method":"POST","responseTimeMs":20,"service":"citizen-grievance-backend","statusCode":200,"timestamp":"2026-05-25 22:18:31","url":"/api/ai/severity"}
{"level":"info","message":"AI resolution prediction completed","prediction":{"confidence":94.5,"delayRisk":"High","escalationProbability":6,"estimatedDays":4.1,"suggestedPriority":"medium"},"service":"citizen-grievance-backend","timestamp":"2026-05-25 22:18:31"}
{"confidence":94.5,"department":"Roads & Transport","level":"info","message":"AI department/priority prediction generated","priority":"high","service":"citizen-grievance-backend","timestamp":"2026-05-25 22:18:31"}
{"ip":"::1","level":"info","message":"POST /api/ai/predict-resolution 200 42ms","method":"POST","responseTimeMs":42,"service":"citizen-grievance-backend","statusCode":200,"timestamp":"2026-05-25 22:18:31","url":"/api/ai/predict-resolution"}
{"citizenId":"6a147a45b55738de8a9ffa3f","complaintId":"6a147d5f50f9595352ac6fde","departmentId":"6a05f9dfb9c478fe364a7f82","imagePath":"/uploads/complaints/1779727711749-temp_before.png","level":"info","message":"Complaint created","service":"citizen-grievance-backend","spamRisk":"Medium","spamScore":40,"timestamp":"2026-05-25 22:18:31","trustScore":40}
{"level":"info","message":"Hotspot clustering updated successfully","service":"citizen-grievance-backend","timestamp":"2026-05-25 22:18:31"}
{"complaintId":"6a147d5f50f9595352ac6fde","level":"info","message":"Nearby citizen notifications sent","notifiedCount":0,"service":"citizen-grievance-backend","timestamp":"2026-05-25 22:18:31"}
{"ip":"::1","level":"info","message":"POST /api/complaints 201 36ms","method":"POST","responseTimeMs":36,"service":"citizen-grievance-backend","statusCode":201,"timestamp":"2026-05-25 22:18:31","url":"/api/complaints"}
{"ip":"::1","level":"info","message":"GET /api/complaints/6a147d5f50f9595352ac6fde/assignment-options 200 11ms","method":"GET","responseTimeMs":11,"service":"citizen-grievance-backend","statusCode":200,"timestamp":"2026-05-25 22:18:31","url":"/api/complaints/6a147d5f50f9595352ac6fde/assignment-options"}
{"actorId":"6a147a45b55738de8a9ffa39","complaintId":"6a147d5f50f9595352ac6fde","level":"info","message":"Complaint 6a147d5f50f9595352ac6fde assigned to Officer 6a147a45b55738de8a9ffa3c","officerId":"6a147a45b55738de8a9ffa3c","service":"citizen-grievance-backend","timestamp":"2026-05-25 22:18:31"}
{"ip":"::1","level":"info","message":"PATCH /api/complaints/6a147d5f50f9595352ac6fde/assign-officer 200 19ms","method":"PATCH","responseTimeMs":19,"service":"citizen-grievance-backend","statusCode":200,"timestamp":"2026-05-25 22:18:31","url":"/api/complaints/6a147d5f50f9595352ac6fde/assign-officer"}
{"ip":"::1","level":"info","message":"GET /api/complaints 200 13ms","method":"GET","responseTimeMs":13,"service":"citizen-grievance-backend","statusCode":200,"timestamp":"2026-05-25 22:18:31","url":"/api/complaints"}
{"level":"info","message":"AI resolution verification completed","service":"citizen-grievance-backend","timestamp":"2026-05-25 22:18:32","verification":{"confidence":98,"differenceScore":0,"reasons":["Before and after images are visually identical","No physical work or changes detected in the area"],"result":"Issue remains unresolved","status":"Not resolved"}}
{"actorId":"6a147a45b55738de8a9ffa3c","complaintId":"6a147d5f50f9595352ac6fde","fromStatus":"assigned","level":"info","message":"Complaint status changed","service":"citizen-grievance-backend","timestamp":"2026-05-25 22:18:32","toStatus":"resolved"}
{"actorId":"6a147a45b55738de8a9ffa3c","complaintId":"6a147d5f50f9595352ac6fde","level":"info","message":"Complaint resolved","service":"citizen-grievance-backend","timestamp":"2026-05-25 22:18:32"}
{"ip":"::1","level":"info","message":"PATCH /api/complaints/6a147d5f50f9595352ac6fde 200 539ms","method":"PATCH","responseTimeMs":539,"service":"citizen-grievance-backend","statusCode":200,"timestamp":"2026-05-25 22:18:32","url":"/api/complaints/6a147d5f50f9595352ac6fde"}
{"ip":"::1","level":"info","message":"GET /api/governance/timeline 200 27ms","method":"GET","responseTimeMs":27,"service":"citizen-grievance-backend","statusCode":200,"timestamp":"2026-05-25 22:18:32","url":"/api/governance/timeline"}
{"ip":"::1","level":"info","message":"GET /api/updates/live 200 22ms","method":"GET","responseTimeMs":22,"service":"citizen-grievance-backend","statusCode":200,"timestamp":"2026-05-25 22:18:32","url":"/api/updates/live"}
{"email":"citizen@gmail.com","level":"info","message":"User login success","role":"citizen","service":"citizen-grievance-backend","timestamp":"2026-05-25 23:17:35"}
{"ip":"::1","level":"info","message":"POST /api/auth/login 200 278ms","method":"POST","responseTimeMs":278,"service":"citizen-grievance-backend","statusCode":200,"timestamp":"2026-05-25 23:17:35","url":"/api/auth/login"}
{"email":"admin@janseva.gov.in","level":"info","message":"Admin logged in: admin@janseva.gov.in","role":"admin","service":"citizen-grievance-backend","timestamp":"2026-05-25 23:17:35"}
{"ip":"::1","level":"info","message":"POST /api/auth/login 200 124ms","method":"POST","responseTimeMs":124,"service":"citizen-grievance-backend","statusCode":200,"timestamp":"2026-05-25 23:17:35","url":"/api/auth/login"}
{"email":"supervisor@works.janseva.gov.in","level":"info","message":"User login success","role":"supervisor","service":"citizen-grievance-backend","timestamp":"2026-05-25 23:17:36"}
{"ip":"::1","level":"info","message":"POST /api/auth/login 200 152ms","method":"POST","responseTimeMs":152,"service":"citizen-grievance-backend","statusCode":200,"timestamp":"2026-05-25 23:17:36","url":"/api/auth/login"}
{"email":"officer@sanitation.janseva.gov.in","level":"info","message":"User login success","role":"officer","service":"citizen-grievance-backend","timestamp":"2026-05-25 23:17:36"}
{"ip":"::1","level":"info","message":"POST /api/auth/login 200 169ms","method":"POST","responseTimeMs":169,"service":"citizen-grievance-backend","statusCode":200,"timestamp":"2026-05-25 23:17:36","url":"/api/auth/login"}
{"ip":"::1","level":"info","message":"GET /api/auth/me 200 11ms","method":"GET","responseTimeMs":11,"service":"citizen-grievance-backend","statusCode":200,"timestamp":"2026-05-25 23:17:36","url":"/api/auth/me"}
{"analysis":{"confidence":90,"priority":"High","reason":["Roadway collapse or structural hazard detected","School nearby","Affected multiple citizens"],"severityScore":68},"level":"info","message":"AI severity analysis completed","service":"citizen-grievance-backend","timestamp":"2026-05-25 23:17:36"}
{"confidence":90,"level":"info","message":"AI priority prediction generated","priority":"High","service":"citizen-grievance-backend","timestamp":"2026-05-25 23:17:36"}
{"ip":"::1","level":"info","message":"POST /api/ai/severity 200 278ms","method":"POST","responseTimeMs":278,"service":"citizen-grievance-backend","statusCode":200,"timestamp":"2026-05-25 23:17:36","url":"/api/ai/severity"}
{"level":"info","message":"AI resolution prediction completed","prediction":{"confidence":94.5,"delayRisk":"High","escalationProbability":6,"estimatedDays":4.1,"suggestedPriority":"medium"},"service":"citizen-grievance-backend","timestamp":"2026-05-25 23:17:36"}
{"confidence":94.5,"department":"Roads & Transport","level":"info","message":"AI department/priority prediction generated","priority":"high","service":"citizen-grievance-backend","timestamp":"2026-05-25 23:17:36"}
{"ip":"::1","level":"info","message":"POST /api/ai/predict-resolution 200 198ms","method":"POST","responseTimeMs":198,"service":"citizen-grievance-backend","statusCode":200,"timestamp":"2026-05-25 23:17:36","url":"/api/ai/predict-resolution"}
{"citizenId":"6a147a45b55738de8a9ffa3f","complaintId":"6a148b3850f9595352ac700f","departmentId":"6a05f9dfb9c478fe364a7f82","imagePath":"/uploads/complaints/1779731256770-temp_before.png","level":"info","message":"Complaint created","service":"citizen-grievance-backend","spamRisk":"Low","spamScore":15,"timestamp":"2026-05-25 23:17:36","trustScore":40}
{"level":"info","message":"Hotspot clustering updated successfully","service":"citizen-grievance-backend","timestamp":"2026-05-25 23:17:36"}
{"complaintId":"6a148b3850f9595352ac700f","level":"info","message":"Nearby citizen notifications sent","notifiedCount":0,"service":"citizen-grievance-backend","timestamp":"2026-05-25 23:17:36"}
{"ip":"::1","level":"info","message":"POST /api/complaints 201 95ms","method":"POST","responseTimeMs":95,"service":"citizen-grievance-backend","statusCode":201,"timestamp":"2026-05-25 23:17:36","url":"/api/complaints"}
{"ip":"::1","level":"info","message":"GET /api/complaints/6a148b3850f9595352ac700f/assignment-options 200 20ms","method":"GET","responseTimeMs":20,"service":"citizen-grievance-backend","statusCode":200,"timestamp":"2026-05-25 23:17:36","url":"/api/complaints/6a148b3850f9595352ac700f/assignment-options"}
{"actorId":"6a147a45b55738de8a9ffa39","complaintId":"6a148b3850f9595352ac700f","level":"info","message":"Complaint 6a148b3850f9595352ac700f assigned to Officer 6a147a45b55738de8a9ffa3c","officerId":"6a147a45b55738de8a9ffa3c","service":"citizen-grievance-backend","timestamp":"2026-05-25 23:17:36"}
{"ip":"::1","level":"info","message":"PATCH /api/complaints/6a148b3850f9595352ac700f/assign-officer 200 28ms","method":"PATCH","responseTimeMs":28,"service":"citizen-grievance-backend","statusCode":200,"timestamp":"2026-05-25 23:17:36","url":"/api/complaints/6a148b3850f9595352ac700f/assign-officer"}
{"ip":"::1","level":"info","message":"GET /api/complaints 200 23ms","method":"GET","responseTimeMs":23,"service":"citizen-grievance-backend","statusCode":200,"timestamp":"2026-05-25 23:17:36","url":"/api/complaints"}
{"level":"info","message":"AI resolution verification completed","service":"citizen-grievance-backend","timestamp":"2026-05-25 23:17:38","verification":{"confidence":98,"differenceScore":0,"reasons":["Before and after images are visually identical","No physical work or changes detected in the area"],"result":"Issue remains unresolved","status":"Not resolved"}}
{"actorId":"6a147a45b55738de8a9ffa3c","complaintId":"6a148b3850f9595352ac700f","fromStatus":"assigned","level":"info","message":"Complaint status changed","service":"citizen-grievance-backend","timestamp":"2026-05-25 23:17:38","toStatus":"resolved"}
{"actorId":"6a147a45b55738de8a9ffa3c","complaintId":"6a148b3850f9595352ac700f","level":"info","message":"Complaint resolved","service":"citizen-grievance-backend","timestamp":"2026-05-25 23:17:38"}
{"ip":"::1","level":"info","message":"PATCH /api/complaints/6a148b3850f9595352ac700f 200 1434ms","method":"PATCH","responseTimeMs":1434,"service":"citizen-grievance-backend","statusCode":200,"timestamp":"2026-05-25 23:17:38","url":"/api/complaints/6a148b3850f9595352ac700f"}
{"ip":"::1","level":"info","message":"GET /api/governance/timeline 200 26ms","method":"GET","responseTimeMs":26,"service":"citizen-grievance-backend","statusCode":200,"timestamp":"2026-05-25 23:17:38","url":"/api/governance/timeline"}
{"ip":"::1","level":"info","message":"GET /api/updates/live 200 28ms","method":"GET","responseTimeMs":28,"service":"citizen-grievance-backend","statusCode":200,"timestamp":"2026-05-25 23:17:38","url":"/api/updates/live"}
{"email":"citizen@gmail.com","level":"info","message":"User login success","role":"citizen","service":"citizen-grievance-backend","timestamp":"2026-05-25 23:20:07"}
{"ip":"::1","level":"info","message":"POST /api/auth/login 200 134ms","method":"POST","responseTimeMs":134,"service":"citizen-grievance-backend","statusCode":200,"timestamp":"2026-05-25 23:20:07","url":"/api/auth/login"}
{"email":"admin@janseva.gov.in","level":"info","message":"Admin logged in: admin@janseva.gov.in","role":"admin","service":"citizen-grievance-backend","timestamp":"2026-05-25 23:20:07"}
{"ip":"::1","level":"info","message":"POST /api/auth/login 200 108ms","method":"POST","responseTimeMs":108,"service":"citizen-grievance-backend","statusCode":200,"timestamp":"2026-05-25 23:20:07","url":"/api/auth/login"}
{"email":"supervisor@works.janseva.gov.in","level":"info","message":"User login success","role":"supervisor","service":"citizen-grievance-backend","timestamp":"2026-05-25 23:20:07"}
{"ip":"::1","level":"info","message":"POST /api/auth/login 200 94ms","method":"POST","responseTimeMs":94,"service":"citizen-grievance-backend","statusCode":200,"timestamp":"2026-05-25 23:20:07","url":"/api/auth/login"}
{"email":"officer@sanitation.janseva.gov.in","level":"info","message":"User login success","role":"officer","service":"citizen-grievance-backend","timestamp":"2026-05-25 23:20:07"}
{"ip":"::1","level":"info","message":"POST /api/auth/login 200 94ms","method":"POST","responseTimeMs":94,"service":"citizen-grievance-backend","statusCode":200,"timestamp":"2026-05-25 23:20:07","url":"/api/auth/login"}
{"ip":"::1","level":"info","message":"GET /api/auth/me 200 10ms","method":"GET","responseTimeMs":10,"service":"citizen-grievance-backend","statusCode":200,"timestamp":"2026-05-25 23:20:07","url":"/api/auth/me"}
{"analysis":{"confidence":90,"priority":"High","reason":["Roadway collapse or structural hazard detected","School nearby","Affected multiple citizens"],"severityScore":69},"level":"info","message":"AI severity analysis completed","service":"citizen-grievance-backend","timestamp":"2026-05-25 23:20:07"}
{"confidence":90,"level":"info","message":"AI priority prediction generated","priority":"High","service":"citizen-grievance-backend","timestamp":"2026-05-25 23:20:07"}
{"ip":"::1","level":"info","message":"POST /api/ai/severity 200 75ms","method":"POST","responseTimeMs":75,"service":"citizen-grievance-backend","statusCode":200,"timestamp":"2026-05-25 23:20:07","url":"/api/ai/severity"}
{"level":"info","message":"AI resolution prediction completed","prediction":{"confidence":93.5,"delayRisk":"Low","escalationProbability":0,"estimatedDays":2.1,"suggestedPriority":"low"},"service":"citizen-grievance-backend","timestamp":"2026-05-25 23:20:07"}
{"confidence":93.5,"department":"Roads & Transport","level":"info","message":"AI department/priority prediction generated","priority":"high","service":"citizen-grievance-backend","timestamp":"2026-05-25 23:20:07"}
{"ip":"::1","level":"info","message":"POST /api/ai/predict-resolution 200 100ms","method":"POST","responseTimeMs":100,"service":"citizen-grievance-backend","statusCode":200,"timestamp":"2026-05-25 23:20:07","url":"/api/ai/predict-resolution"}
{"citizenId":"6a147a45b55738de8a9ffa3f","complaintId":"6a148bcf50f9595352ac7040","departmentId":"6a05f9dfb9c478fe364a7f82","imagePath":"/uploads/complaints/1779731407952-temp_before.png","level":"info","message":"Complaint created","service":"citizen-grievance-backend","spamRisk":"Medium","spamScore":40,"timestamp":"2026-05-25 23:20:07","trustScore":25}
{"level":"info","message":"Hotspot clustering updated successfully","service":"citizen-grievance-backend","timestamp":"2026-05-25 23:20:08"}
{"complaintId":"6a148bcf50f9595352ac7040","level":"info","message":"Nearby citizen notifications sent","notifiedCount":0,"service":"citizen-grievance-backend","timestamp":"2026-05-25 23:20:08"}
{"ip":"::1","level":"info","message":"POST /api/complaints 201 66ms","method":"POST","responseTimeMs":66,"service":"citizen-grievance-backend","statusCode":201,"timestamp":"2026-05-25 23:20:08","url":"/api/complaints"}
{"ip":"::1","level":"info","message":"GET /api/complaints/6a148bcf50f9595352ac7040/assignment-options 200 13ms","method":"GET","responseTimeMs":13,"service":"citizen-grievance-backend","statusCode":200,"timestamp":"2026-05-25 23:20:08","url":"/api/complaints/6a148bcf50f9595352ac7040/assignment-options"}
{"actorId":"6a147a45b55738de8a9ffa39","complaintId":"6a148bcf50f9595352ac7040","level":"info","message":"Complaint 6a148bcf50f9595352ac7040 assigned to Officer 6a147a45b55738de8a9ffa3c","officerId":"6a147a45b55738de8a9ffa3c","service":"citizen-grievance-backend","timestamp":"2026-05-25 23:20:08"}
{"ip":"::1","level":"info","message":"PATCH /api/complaints/6a148bcf50f9595352ac7040/assign-officer 200 20ms","method":"PATCH","responseTimeMs":20,"service":"citizen-grievance-backend","statusCode":200,"timestamp":"2026-05-25 23:20:08","url":"/api/complaints/6a148bcf50f9595352ac7040/assign-officer"}
{"ip":"::1","level":"info","message":"GET /api/complaints 200 22ms","method":"GET","responseTimeMs":22,"service":"citizen-grievance-backend","statusCode":200,"timestamp":"2026-05-25 23:20:08","url":"/api/complaints"}
{"level":"info","message":"AI resolution verification completed","service":"citizen-grievance-backend","timestamp":"2026-05-25 23:20:08","verification":{"confidence":98,"differenceScore":0,"reasons":["Before and after images are visually identical","No physical work or changes detected in the area"],"result":"Issue remains unresolved","status":"Not resolved"}}
{"actorId":"6a147a45b55738de8a9ffa3c","complaintId":"6a148bcf50f9595352ac7040","fromStatus":"assigned","level":"info","message":"Complaint status changed","service":"citizen-grievance-backend","timestamp":"2026-05-25 23:20:08","toStatus":"resolved"}
{"actorId":"6a147a45b55738de8a9ffa3c","complaintId":"6a148bcf50f9595352ac7040","level":"info","message":"Complaint resolved","service":"citizen-grievance-backend","timestamp":"2026-05-25 23:20:08"}
{"ip":"::1","level":"info","message":"PATCH /api/complaints/6a148bcf50f9595352ac7040 200 661ms","method":"PATCH","responseTimeMs":661,"service":"citizen-grievance-backend","statusCode":200,"timestamp":"2026-05-25 23:20:08","url":"/api/complaints/6a148bcf50f9595352ac7040"}
{"ip":"::1","level":"info","message":"GET /api/governance/timeline 200 15ms","method":"GET","responseTimeMs":15,"service":"citizen-grievance-backend","statusCode":200,"timestamp":"2026-05-25 23:20:08","url":"/api/governance/timeline"}
{"ip":"::1","level":"info","message":"GET /api/updates/live 200 16ms","method":"GET","responseTimeMs":16,"service":"citizen-grievance-backend","statusCode":200,"timestamp":"2026-05-25 23:20:08","url":"/api/updates/live"}
{"level":"info","message":"Citizen Grievance Backend running on port 5000","service":"citizen-grievance-backend","timestamp":"2026-05-25 23:23:51"}
{"level":"info","message":"MongoDB connected: 127.0.0.1","service":"citizen-grievance-backend","timestamp":"2026-05-25 23:23:51"}
{"ip":"::1","level":"warn","message":"Unauthorized attempt: token missing","method":"GET","service":"citizen-grievance-backend","timestamp":"2026-05-25 23:31:07","url":"/api/dashboard/stats"}
{"ip":"::1","level":"warn","message":"Unauthorized attempt: token missing","method":"GET","service":"citizen-grievance-backend","timestamp":"2026-05-25 23:31:07","url":"/api/complaints"}
{"ip":"::1","level":"error","message":"Error: Not authorized, token missing\n    at C:\\Users\\M. Devika Rani\\Desktop\\Citizen-Grievance-System\\backend\\src\\middleware\\authMiddleware.js:20:11\n    at C:\\Users\\M. Devika Rani\\Desktop\\Citizen-Grievance-System\\backend\\src\\utils\\asyncHandler.js:7:21\n    at Layer.handle [as handle_request] (C:\\Users\\M. Devika Rani\\Desktop\\Citizen-Grievance-System\\backend\\node_modules\\express\\lib\\router\\layer.js:95:5)\n    at trim_prefix (C:\\Users\\M. Devika Rani\\Desktop\\Citizen-Grievance-System\\backend\\node_modules\\express\\lib\\router\\index.js:328:13)\n    at C:\\Users\\M. Devika Rani\\Desktop\\Citizen-Grievance-System\\backend\\node_modules\\express\\lib\\router\\index.js:286:9\n    at router.process_params (C:\\Users\\M. Devika Rani\\Desktop\\Citizen-Grievance-System\\backend\\node_modules\\express\\lib\\router\\index.js:346:12)\n    at next (C:\\Users\\M. Devika Rani\\Desktop\\Citizen-Grievance-System\\backend\\node_modules\\express\\lib\\router\\index.js:280:10)\n    at router.handle (C:\\Users\\M. Devika Rani\\Desktop\\Citizen-Grievance-System\\backend\\node_modules\\express\\lib\\router\\index.js:175:3)\n    at router (C:\\Users\\M. Devika Rani\\Desktop\\Citizen-Grievance-System\\backend\\node_modules\\express\\lib\\router\\index.js:47:12)\n    at Layer.handle [as handle_request] (C:\\Users\\M. Devika Rani\\Desktop\\Citizen-Grievance-System\\backend\\node_modules\\express\\lib\\router\\layer.js:95:5)","method":"GET","service":"citizen-grievance-backend","statusCode":401,"timestamp":"2026-05-25 23:31:07","url":"/api/complaints"}
{"ip":"::1","level":"warn","message":"GET /api/complaints 401 61ms","method":"GET","responseTimeMs":61,"service":"citizen-grievance-backend","statusCode":401,"timestamp":"2026-05-25 23:31:07","url":"/api/complaints"}
{"ip":"::1","level":"error","message":"Error: Not authorized, token missing\n    at C:\\Users\\M. Devika Rani\\Desktop\\Citizen-Grievance-System\\backend\\src\\middleware\\authMiddleware.js:20:11\n    at C:\\Users\\M. Devika Rani\\Desktop\\Citizen-Grievance-System\\backend\\src\\utils\\asyncHandler.js:7:21\n    at Layer.handle [as handle_request] (C:\\Users\\M. Devika Rani\\Desktop\\Citizen-Grievance-System\\backend\\node_modules\\express\\lib\\router\\layer.js:95:5)\n    at next (C:\\Users\\M. Devika Rani\\Desktop\\Citizen-Grievance-System\\backend\\node_modules\\express\\lib\\router\\route.js:149:13)\n    at Route.dispatch (C:\\Users\\M. Devika Rani\\Desktop\\Citizen-Grievance-System\\backend\\node_modules\\express\\lib\\router\\route.js:119:3)\n    at Layer.handle [as handle_request] (C:\\Users\\M. Devika Rani\\Desktop\\Citizen-Grievance-System\\backend\\node_modules\\express\\lib\\router\\layer.js:95:5)\n    at C:\\Users\\M. Devika Rani\\Desktop\\Citizen-Grievance-System\\backend\\node_modules\\express\\lib\\router\\index.js:284:15\n    at router.process_params (C:\\Users\\M. Devika Rani\\Desktop\\Citizen-Grievance-System\\backend\\node_modules\\express\\lib\\router\\index.js:346:12)\n    at next (C:\\Users\\M. Devika Rani\\Desktop\\Citizen-Grievance-System\\backend\\node_modules\\express\\lib\\router\\index.js:280:10)\n    at router.handle (C:\\Users\\M. Devika Rani\\Desktop\\Citizen-Grievance-System\\backend\\node_modules\\express\\lib\\router\\index.js:175:3)","method":"GET","service":"citizen-grievance-backend","statusCode":401,"timestamp":"2026-05-25 23:31:07","url":"/api/dashboard/stats"}
{"ip":"::1","level":"warn","message":"GET /api/dashboard/stats 401 138ms","method":"GET","responseTimeMs":138,"service":"citizen-grievance-backend","statusCode":401,"timestamp":"2026-05-25 23:31:07","url":"/api/dashboard/stats"}
{"ip":"::1","level":"info","message":"GET /api/departments 200 201ms","method":"GET","responseTimeMs":201,"service":"citizen-grievance-backend","statusCode":200,"timestamp":"2026-05-25 23:31:08","url":"/api/departments"}
{"ip":"::1","level":"warn","message":"Unauthorized attempt: token missing","method":"GET","service":"citizen-grievance-backend","timestamp":"2026-05-25 23:31:08","url":"/api/dashboard/stats"}
{"ip":"::1","level":"error","message":"Error: Not authorized, token missing\n    at C:\\Users\\M. Devika Rani\\Desktop\\Citizen-Grievance-System\\backend\\src\\middleware\\authMiddleware.js:20:11\n    at C:\\Users\\M. Devika Rani\\Desktop\\Citizen-Grievance-System\\backend\\src\\utils\\asyncHandler.js:7:21\n    at Layer.handle [as handle_request] (C:\\Users\\M. Devika Rani\\Desktop\\Citizen-Grievance-System\\backend\\node_modules\\express\\lib\\router\\layer.js:95:5)\n    at next (C:\\Users\\M. Devika Rani\\Desktop\\Citizen-Grievance-System\\backend\\node_modules\\express\\lib\\router\\route.js:149:13)\n    at Route.dispatch (C:\\Users\\M. Devika Rani\\Desktop\\Citizen-Grievance-System\\backend\\node_modules\\express\\lib\\router\\route.js:119:3)\n    at Layer.handle [as handle_request] (C:\\Users\\M. Devika Rani\\Desktop\\Citizen-Grievance-System\\backend\\node_modules\\express\\lib\\router\\layer.js:95:5)\n    at C:\\Users\\M. Devika Rani\\Desktop\\Citizen-Grievance-System\\backend\\node_modules\\express\\lib\\router\\index.js:284:15\n    at router.process_params (C:\\Users\\M. Devika Rani\\Desktop\\Citizen-Grievance-System\\backend\\node_modules\\express\\lib\\router\\index.js:346:12)\n    at next (C:\\Users\\M. Devika Rani\\Desktop\\Citizen-Grievance-System\\backend\\node_modules\\express\\lib\\router\\index.js:280:10)\n    at router.handle (C:\\Users\\M. Devika Rani\\Desktop\\Citizen-Grievance-System\\backend\\node_modules\\express\\lib\\router\\index.js:175:3)","method":"GET","service":"citizen-grievance-backend","statusCode":401,"timestamp":"2026-05-25 23:31:08","url":"/api/dashboard/stats"}
{"ip":"::1","level":"warn","message":"GET /api/dashboard/stats 401 4ms","method":"GET","responseTimeMs":4,"service":"citizen-grievance-backend","statusCode":401,"timestamp":"2026-05-25 23:31:08","url":"/api/dashboard/stats"}
{"ip":"::1","level":"info","message":"GET /api/governance/timeline 200 451ms","method":"GET","responseTimeMs":451,"service":"citizen-grievance-backend","statusCode":200,"timestamp":"2026-05-25 23:31:08","url":"/api/governance/timeline"}
{"ip":"::1","level":"info","message":"GET /api/updates/live 200 276ms","method":"GET","responseTimeMs":276,"service":"citizen-grievance-backend","statusCode":200,"timestamp":"2026-05-25 23:31:08","url":"/api/updates/live"}
{"ip":"::1","level":"warn","message":"Unauthorized attempt: token missing","method":"GET","service":"citizen-grievance-backend","timestamp":"2026-05-25 23:31:08","url":"/api/dashboard/stats"}
{"ip":"::1","level":"error","message":"Error: Not authorized, token missing\n    at C:\\Users\\M. Devika Rani\\Desktop\\Citizen-Grievance-System\\backend\\src\\middleware\\authMiddleware.js:20:11\n    at C:\\Users\\M. Devika Rani\\Desktop\\Citizen-Grievance-System\\backend\\src\\utils\\asyncHandler.js:7:21\n    at Layer.handle [as handle_request] (C:\\Users\\M. Devika Rani\\Desktop\\Citizen-Grievance-System\\backend\\node_modules\\express\\lib\\router\\layer.js:95:5)\n    at next (C:\\Users\\M. Devika Rani\\Desktop\\Citizen-Grievance-System\\backend\\node_modules\\express\\lib\\router\\route.js:149:13)\n    at Route.dispatch (C:\\Users\\M. Devika Rani\\Desktop\\Citizen-Grievance-System\\backend\\node_modules\\express\\lib\\router\\route.js:119:3)\n    at Layer.handle [as handle_request] (C:\\Users\\M. Devika Rani\\Desktop\\Citizen-Grievance-System\\backend\\node_modules\\express\\lib\\router\\layer.js:95:5)\n    at C:\\Users\\M. Devika Rani\\Desktop\\Citizen-Grievance-System\\backend\\node_modules\\express\\lib\\router\\index.js:284:15\n    at router.process_params (C:\\Users\\M. Devika Rani\\Desktop\\Citizen-Grievance-System\\backend\\node_modules\\express\\lib\\router\\index.js:346:12)\n    at next (C:\\Users\\M. Devika Rani\\Desktop\\Citizen-Grievance-System\\backend\\node_modules\\express\\lib\\router\\index.js:280:10)\n    at router.handle (C:\\Users\\M. Devika Rani\\Desktop\\Citizen-Grievance-System\\backend\\node_modules\\express\\lib\\router\\index.js:175:3)","method":"GET","service":"citizen-grievance-backend","statusCode":401,"timestamp":"2026-05-25 23:31:08","url":"/api/dashboard/stats"}
{"ip":"::1","level":"warn","message":"GET /api/dashboard/stats 401 4ms","method":"GET","responseTimeMs":4,"service":"citizen-grievance-backend","statusCode":401,"timestamp":"2026-05-25 23:31:08","url":"/api/dashboard/stats"}
{"ip":"::1","level":"warn","message":"Unauthorized attempt: token missing","method":"GET","service":"citizen-grievance-backend","timestamp":"2026-05-25 23:31:08","url":"/api/complaints"}
{"ip":"::1","level":"error","message":"Error: Not authorized, token missing\n    at C:\\Users\\M. Devika Rani\\Desktop\\Citizen-Grievance-System\\backend\\src\\middleware\\authMiddleware.js:20:11\n    at C:\\Users\\M. Devika Rani\\Desktop\\Citizen-Grievance-System\\backend\\src\\utils\\asyncHandler.js:7:21\n    at Layer.handle [as handle_request] (C:\\Users\\M. Devika Rani\\Desktop\\Citizen-Grievance-System\\backend\\node_modules\\express\\lib\\router\\layer.js:95:5)\n    at trim_prefix (C:\\Users\\M. Devika Rani\\Desktop\\Citizen-Grievance-System\\backend\\node_modules\\express\\lib\\router\\index.js:328:13)\n    at C:\\Users\\M. Devika Rani\\Desktop\\Citizen-Grievance-System\\backend\\node_modules\\express\\lib\\router\\index.js:286:9\n    at router.process_params (C:\\Users\\M. Devika Rani\\Desktop\\Citizen-Grievance-System\\backend\\node_modules\\express\\lib\\router\\index.js:346:12)\n    at next (C:\\Users\\M. Devika Rani\\Desktop\\Citizen-Grievance-System\\backend\\node_modules\\express\\lib\\router\\index.js:280:10)\n    at router.handle (C:\\Users\\M. Devika Rani\\Desktop\\Citizen-Grievance-System\\backend\\node_modules\\express\\lib\\router\\index.js:175:3)\n    at router (C:\\Users\\M. Devika Rani\\Desktop\\Citizen-Grievance-System\\backend\\node_modules\\express\\lib\\router\\index.js:47:12)\n    at Layer.handle [as handle_request] (C:\\Users\\M. Devika Rani\\Desktop\\Citizen-Grievance-System\\backend\\node_modules\\express\\lib\\router\\layer.js:95:5)","method":"GET","service":"citizen-grievance-backend","statusCode":401,"timestamp":"2026-05-25 23:31:08","url":"/api/complaints"}
{"ip":"::1","level":"warn","message":"GET /api/complaints 401 3ms","method":"GET","responseTimeMs":3,"service":"citizen-grievance-backend","statusCode":401,"timestamp":"2026-05-25 23:31:08","url":"/api/complaints"}
{"ip":"::1","level":"warn","message":"Unauthorized attempt: token missing","method":"GET","service":"citizen-grievance-backend","timestamp":"2026-05-25 23:31:08","url":"/api/dashboard/stats"}
{"ip":"::1","level":"error","message":"Error: Not authorized, token missing\n    at C:\\Users\\M. Devika Rani\\Desktop\\Citizen-Grievance-System\\backend\\src\\middleware\\authMiddleware.js:20:11\n    at C:\\Users\\M. Devika Rani\\Desktop\\Citizen-Grievance-System\\backend\\src\\utils\\asyncHandler.js:7:21\n    at Layer.handle [as handle_request] (C:\\Users\\M. Devika Rani\\Desktop\\Citizen-Grievance-System\\backend\\node_modules\\express\\lib\\router\\layer.js:95:5)\n    at next (C:\\Users\\M. Devika Rani\\Desktop\\Citizen-Grievance-System\\backend\\node_modules\\express\\lib\\router\\route.js:149:13)\n    at Route.dispatch (C:\\Users\\M. Devika Rani\\Desktop\\Citizen-Grievance-System\\backend\\node_modules\\express\\lib\\router\\route.js:119:3)\n    at Layer.handle [as handle_request] (C:\\Users\\M. Devika Rani\\Desktop\\Citizen-Grievance-System\\backend\\node_modules\\express\\lib\\router\\layer.js:95:5)\n    at C:\\Users\\M. Devika Rani\\Desktop\\Citizen-Grievance-System\\backend\\node_modules\\express\\lib\\router\\index.js:284:15\n    at router.process_params (C:\\Users\\M. Devika Rani\\Desktop\\Citizen-Grievance-System\\backend\\node_modules\\express\\lib\\router\\index.js:346:12)\n    at next (C:\\Users\\M. Devika Rani\\Desktop\\Citizen-Grievance-System\\backend\\node_modules\\express\\lib\\router\\index.js:280:10)\n    at router.handle (C:\\Users\\M. Devika Rani\\Desktop\\Citizen-Grievance-System\\backend\\node_modules\\express\\lib\\router\\index.js:175:3)","method":"GET","service":"citizen-grievance-backend","statusCode":401,"timestamp":"2026-05-25 23:31:08","url":"/api/dashboard/stats"}
{"ip":"::1","level":"warn","message":"GET /api/dashboard/stats 401 6ms","method":"GET","responseTimeMs":6,"service":"citizen-grievance-backend","statusCode":401,"timestamp":"2026-05-25 23:31:08","url":"/api/dashboard/stats"}
{"ip":"::1","level":"warn","message":"Unauthorized attempt: token missing","method":"GET","service":"citizen-grievance-backend","timestamp":"2026-05-25 23:31:09","url":"/api/dashboard/stats"}
{"ip":"::1","level":"error","message":"Error: Not authorized, token missing\n    at C:\\Users\\M. Devika Rani\\Desktop\\Citizen-Grievance-System\\backend\\src\\middleware\\authMiddleware.js:20:11\n    at C:\\Users\\M. Devika Rani\\Desktop\\Citizen-Grievance-System\\backend\\src\\utils\\asyncHandler.js:7:21\n    at Layer.handle [as handle_request] (C:\\Users\\M. Devika Rani\\Desktop\\Citizen-Grievance-System\\backend\\node_modules\\express\\lib\\router\\layer.js:95:5)\n    at next (C:\\Users\\M. Devika Rani\\Desktop\\Citizen-Grievance-System\\backend\\node_modules\\express\\lib\\router\\route.js:149:13)\n    at Route.dispatch (C:\\Users\\M. Devika Rani\\Desktop\\Citizen-Grievance-System\\backend\\node_modules\\express\\lib\\router\\route.js:119:3)\n    at Layer.handle [as handle_request] (C:\\Users\\M. Devika Rani\\Desktop\\Citizen-Grievance-System\\backend\\node_modules\\express\\lib\\router\\layer.js:95:5)\n    at C:\\Users\\M. Devika Rani\\Desktop\\Citizen-Grievance-System\\backend\\node_modules\\express\\lib\\router\\index.js:284:15\n    at router.process_params (C:\\Users\\M. Devika Rani\\Desktop\\Citizen-Grievance-System\\backend\\node_modules\\express\\lib\\router\\index.js:346:12)\n    at next (C:\\Users\\M. Devika Rani\\Desktop\\Citizen-Grievance-System\\backend\\node_modules\\express\\lib\\router\\index.js:280:10)\n    at router.handle (C:\\Users\\M. Devika Rani\\Desktop\\Citizen-Grievance-System\\backend\\node_modules\\express\\lib\\router\\index.js:175:3)","method":"GET","service":"citizen-grievance-backend","statusCode":401,"timestamp":"2026-05-25 23:31:09","url":"/api/dashboard/stats"}
{"ip":"::1","level":"warn","message":"GET /api/dashboard/stats 401 4ms","method":"GET","responseTimeMs":4,"service":"citizen-grievance-backend","statusCode":401,"timestamp":"2026-05-25 23:31:09","url":"/api/dashboard/stats"}
{"ip":"::1","level":"warn","message":"Unauthorized attempt: token missing","method":"GET","service":"citizen-grievance-backend","timestamp":"2026-05-25 23:31:09","url":"/api/dashboard/stats"}
{"ip":"::1","level":"error","message":"Error: Not authorized, token missing\n    at C:\\Users\\M. Devika Rani\\Desktop\\Citizen-Grievance-System\\backend\\src\\middleware\\authMiddleware.js:20:11\n    at C:\\Users\\M. Devika Rani\\Desktop\\Citizen-Grievance-System\\backend\\src\\utils\\asyncHandler.js:7:21\n    at Layer.handle [as handle_request] (C:\\Users\\M. Devika Rani\\Desktop\\Citizen-Grievance-System\\backend\\node_modules\\express\\lib\\router\\layer.js:95:5)\n    at next (C:\\Users\\M. Devika Rani\\Desktop\\Citizen-Grievance-System\\backend\\node_modules\\express\\lib\\router\\route.js:149:13)\n    at Route.dispatch (C:\\Users\\M. Devika Rani\\Desktop\\Citizen-Grievance-System\\backend\\node_modules\\express\\lib\\router\\route.js:119:3)\n    at Layer.handle [as handle_request] (C:\\Users\\M. Devika Rani\\Desktop\\Citizen-Grievance-System\\backend\\node_modules\\express\\lib\\router\\layer.js:95:5)\n    at C:\\Users\\M. Devika Rani\\Desktop\\Citizen-Grievance-System\\backend\\node_modules\\express\\lib\\router\\index.js:284:15\n    at router.process_params (C:\\Users\\M. Devika Rani\\Desktop\\Citizen-Grievance-System\\backend\\node_modules\\express\\lib\\router\\index.js:346:12)\n    at next (C:\\Users\\M. Devika Rani\\Desktop\\Citizen-Grievance-System\\backend\\node_modules\\express\\lib\\router\\index.js:280:10)\n    at router.handle (C:\\Users\\M. Devika Rani\\Desktop\\Citizen-Grievance-System\\backend\\node_modules\\express\\lib\\router\\index.js:175:3)","method":"GET","service":"citizen-grievance-backend","statusCode":401,"timestamp":"2026-05-25 23:31:09","url":"/api/dashboard/stats"}
{"ip":"::1","level":"warn","message":"GET /api/dashboard/stats 401 2ms","method":"GET","responseTimeMs":2,"service":"citizen-grievance-backend","statusCode":401,"timestamp":"2026-05-25 23:31:09","url":"/api/dashboard/stats"}
{"ip":"::1","level":"warn","message":"Unauthorized attempt: token missing","method":"GET","service":"citizen-grievance-backend","timestamp":"2026-05-25 23:31:10","url":"/api/complaints"}
{"ip":"::1","level":"error","message":"Error: Not authorized, token missing\n    at C:\\Users\\M. Devika Rani\\Desktop\\Citizen-Grievance-System\\backend\\src\\middleware\\authMiddleware.js:20:11\n    at C:\\Users\\M. Devika Rani\\Desktop\\Citizen-Grievance-System\\backend\\src\\utils\\asyncHandler.js:7:21\n    at Layer.handle [as handle_request] (C:\\Users\\M. Devika Rani\\Desktop\\Citizen-Grievance-System\\backend\\node_modules\\express\\lib\\router\\layer.js:95:5)\n    at trim_prefix (C:\\Users\\M. Devika Rani\\Desktop\\Citizen-Grievance-System\\backend\\node_modules\\express\\lib\\router\\index.js:328:13)\n    at C:\\Users\\M. Devika Rani\\Desktop\\Citizen-Grievance-System\\backend\\node_modules\\express\\lib\\router\\index.js:286:9\n    at router.process_params (C:\\Users\\M. Devika Rani\\Desktop\\Citizen-Grievance-System\\backend\\node_modules\\express\\lib\\router\\index.js:346:12)\n    at next (C:\\Users\\M. Devika Rani\\Desktop\\Citizen-Grievance-System\\backend\\node_modules\\express\\lib\\router\\index.js:280:10)\n    at router.handle (C:\\Users\\M. Devika Rani\\Desktop\\Citizen-Grievance-System\\backend\\node_modules\\express\\lib\\router\\index.js:175:3)\n    at router (C:\\Users\\M. Devika Rani\\Desktop\\Citizen-Grievance-System\\backend\\node_modules\\express\\lib\\router\\index.js:47:12)\n    at Layer.handle [as handle_request] (C:\\Users\\M. Devika Rani\\Desktop\\Citizen-Grievance-System\\backend\\node_modules\\express\\lib\\router\\layer.js:95:5)","method":"GET","service":"citizen-grievance-backend","statusCode":401,"timestamp":"2026-05-25 23:31:10","url":"/api/complaints"}
{"ip":"::1","level":"warn","message":"GET /api/complaints 401 4ms","method":"GET","responseTimeMs":4,"service":"citizen-grievance-backend","statusCode":401,"timestamp":"2026-05-25 23:31:10","url":"/api/complaints"}
{"ip":"::1","level":"warn","message":"Unauthorized attempt: token missing","method":"GET","service":"citizen-grievance-backend","timestamp":"2026-05-25 23:31:11","url":"/api/dashboard/stats"}
{"ip":"::1","level":"error","message":"Error: Not authorized, token missing\n    at C:\\Users\\M. Devika Rani\\Desktop\\Citizen-Grievance-System\\backend\\src\\middleware\\authMiddleware.js:20:11\n    at C:\\Users\\M. Devika Rani\\Desktop\\Citizen-Grievance-System\\backend\\src\\utils\\asyncHandler.js:7:21\n    at Layer.handle [as handle_request] (C:\\Users\\M. Devika Rani\\Desktop\\Citizen-Grievance-System\\backend\\node_modules\\express\\lib\\router\\layer.js:95:5)\n    at next (C:\\Users\\M. Devika Rani\\Desktop\\Citizen-Grievance-System\\backend\\node_modules\\express\\lib\\router\\route.js:149:13)\n    at Route.dispatch (C:\\Users\\M. Devika Rani\\Desktop\\Citizen-Grievance-System\\backend\\node_modules\\express\\lib\\router\\route.js:119:3)\n    at Layer.handle [as handle_request] (C:\\Users\\M. Devika Rani\\Desktop\\Citizen-Grievance-System\\backend\\node_modules\\express\\lib\\router\\layer.js:95:5)\n    at C:\\Users\\M. Devika Rani\\Desktop\\Citizen-Grievance-System\\backend\\node_modules\\express\\lib\\router\\index.js:284:15\n    at router.process_params (C:\\Users\\M. Devika Rani\\Desktop\\Citizen-Grievance-System\\backend\\node_modules\\express\\lib\\router\\index.js:346:12)\n    at next (C:\\Users\\M. Devika Rani\\Desktop\\Citizen-Grievance-System\\backend\\node_modules\\express\\lib\\router\\index.js:280:10)\n    at router.handle (C:\\Users\\M. Devika Rani\\Desktop\\Citizen-Grievance-System\\backend\\node_modules\\express\\lib\\router\\index.js:175:3)","method":"GET","service":"citizen-grievance-backend","statusCode":401,"timestamp":"2026-05-25 23:31:11","url":"/api/dashboard/stats"}
{"ip":"::1","level":"warn","message":"GET /api/dashboard/stats 401 6ms","method":"GET","responseTimeMs":6,"service":"citizen-grievance-backend","statusCode":401,"timestamp":"2026-05-25 23:31:11","url":"/api/dashboard/stats"}
{"ip":"::1","level":"warn","message":"Unauthorized attempt: token missing","method":"GET","service":"citizen-grievance-backend","timestamp":"2026-05-25 23:31:11","url":"/api/dashboard/stats"}
{"ip":"::1","level":"error","message":"Error: Not authorized, token missing\n    at C:\\Users\\M. Devika Rani\\Desktop\\Citizen-Grievance-System\\backend\\src\\middleware\\authMiddleware.js:20:11\n    at C:\\Users\\M. Devika Rani\\Desktop\\Citizen-Grievance-System\\backend\\src\\utils\\asyncHandler.js:7:21\n    at Layer.handle [as handle_request] (C:\\Users\\M. Devika Rani\\Desktop\\Citizen-Grievance-System\\backend\\node_modules\\express\\lib\\router\\layer.js:95:5)\n    at next (C:\\Users\\M. Devika Rani\\Desktop\\Citizen-Grievance-System\\backend\\node_modules\\express\\lib\\router\\route.js:149:13)\n    at Route.dispatch (C:\\Users\\M. Devika Rani\\Desktop\\Citizen-Grievance-System\\backend\\node_modules\\express\\lib\\router\\route.js:119:3)\n    at Layer.handle [as handle_request] (C:\\Users\\M. Devika Rani\\Desktop\\Citizen-Grievance-System\\backend\\node_modules\\express\\lib\\router\\layer.js:95:5)\n    at C:\\Users\\M. Devika Rani\\Desktop\\Citizen-Grievance-System\\backend\\node_modules\\express\\lib\\router\\index.js:284:15\n    at router.process_params (C:\\Users\\M. Devika Rani\\Desktop\\Citizen-Grievance-System\\backend\\node_modules\\express\\lib\\router\\index.js:346:12)\n    at next (C:\\Users\\M. Devika Rani\\Desktop\\Citizen-Grievance-System\\backend\\node_modules\\express\\lib\\router\\index.js:280:10)\n    at router.handle (C:\\Users\\M. Devika Rani\\Desktop\\Citizen-Grievance-System\\backend\\node_modules\\express\\lib\\router\\index.js:175:3)","method":"GET","service":"citizen-grievance-backend","statusCode":401,"timestamp":"2026-05-25 23:31:11","url":"/api/dashboard/stats"}
{"ip":"::1","level":"warn","message":"GET /api/dashboard/stats 401 2ms","method":"GET","responseTimeMs":2,"service":"citizen-grievance-backend","statusCode":401,"timestamp":"2026-05-25 23:31:11","url":"/api/dashboard/stats"}
{"ip":"::1","level":"warn","message":"Unauthorized attempt: token missing","method":"GET","service":"citizen-grievance-backend","timestamp":"2026-05-25 23:31:11","url":"/api/dashboard/stats"}
{"ip":"::1","level":"error","message":"Error: Not authorized, token missing\n    at C:\\Users\\M. Devika Rani\\Desktop\\Citizen-Grievance-System\\backend\\src\\middleware\\authMiddleware.js:20:11\n    at C:\\Users\\M. Devika Rani\\Desktop\\Citizen-Grievance-System\\backend\\src\\utils\\asyncHandler.js:7:21\n    at Layer.handle [as handle_request] (C:\\Users\\M. Devika Rani\\Desktop\\Citizen-Grievance-System\\backend\\node_modules\\express\\lib\\router\\layer.js:95:5)\n    at next (C:\\Users\\M. Devika Rani\\Desktop\\Citizen-Grievance-System\\backend\\node_modules\\express\\lib\\router\\route.js:149:13)\n    at Route.dispatch (C:\\Users\\M. Devika Rani\\Desktop\\Citizen-Grievance-System\\backend\\node_modules\\express\\lib\\router\\route.js:119:3)\n    at Layer.handle [as handle_request] (C:\\Users\\M. Devika Rani\\Desktop\\Citizen-Grievance-System\\backend\\node_modules\\express\\lib\\router\\layer.js:95:5)\n    at C:\\Users\\M. Devika Rani\\Desktop\\Citizen-Grievance-System\\backend\\node_modules\\express\\lib\\router\\index.js:284:15\n    at router.process_params (C:\\Users\\M. Devika Rani\\Desktop\\Citizen-Grievance-System\\backend\\node_modules\\express\\lib\\router\\index.js:346:12)\n    at next (C:\\Users\\M. Devika Rani\\Desktop\\Citizen-Grievance-System\\backend\\node_modules\\express\\lib\\router\\index.js:280:10)\n    at router.handle (C:\\Users\\M. Devika Rani\\Desktop\\Citizen-Grievance-System\\backend\\node_modules\\express\\lib\\router\\index.js:175:3)","method":"GET","service":"citizen-grievance-backend","statusCode":401,"timestamp":"2026-05-25 23:31:11","url":"/api/dashboard/stats"}
{"ip":"::1","level":"warn","message":"GET /api/dashboard/stats 401 2ms","method":"GET","responseTimeMs":2,"service":"citizen-grievance-backend","statusCode":401,"timestamp":"2026-05-25 23:31:11","url":"/api/dashboard/stats"}
{"ip":"::1","level":"info","message":"GET /api/updates/live 200 16ms","method":"GET","responseTimeMs":16,"service":"citizen-grievance-backend","statusCode":200,"timestamp":"2026-05-25 23:31:11","url":"/api/updates/live"}
{"ip":"::1","level":"warn","message":"Unauthorized attempt: token missing","method":"GET","service":"citizen-grievance-backend","timestamp":"2026-05-25 23:31:13","url":"/api/complaints"}
{"ip":"::1","level":"error","message":"Error: Not authorized, token missing\n    at C:\\Users\\M. Devika Rani\\Desktop\\Citizen-Grievance-System\\backend\\src\\middleware\\authMiddleware.js:20:11\n    at C:\\Users\\M. Devika Rani\\Desktop\\Citizen-Grievance-System\\backend\\src\\utils\\asyncHandler.js:7:21\n    at Layer.handle [as handle_request] (C:\\Users\\M. Devika Rani\\Desktop\\Citizen-Grievance-System\\backend\\node_modules\\express\\lib\\router\\layer.js:95:5)\n    at trim_prefix (C:\\Users\\M. Devika Rani\\Desktop\\Citizen-Grievance-System\\backend\\node_modules\\express\\lib\\router\\index.js:328:13)\n    at C:\\Users\\M. Devika Rani\\Desktop\\Citizen-Grievance-System\\backend\\node_modules\\express\\lib\\router\\index.js:286:9\n    at router.process_params (C:\\Users\\M. Devika Rani\\Desktop\\Citizen-Grievance-System\\backend\\node_modules\\express\\lib\\router\\index.js:346:12)\n    at next (C:\\Users\\M. Devika Rani\\Desktop\\Citizen-Grievance-System\\backend\\node_modules\\express\\lib\\router\\index.js:280:10)\n    at router.handle (C:\\Users\\M. Devika Rani\\Desktop\\Citizen-Grievance-System\\backend\\node_modules\\express\\lib\\router\\index.js:175:3)\n    at router (C:\\Users\\M. Devika Rani\\Desktop\\Citizen-Grievance-System\\backend\\node_modules\\express\\lib\\router\\index.js:47:12)\n    at Layer.handle [as handle_request] (C:\\Users\\M. Devika Rani\\Desktop\\Citizen-Grievance-System\\backend\\node_modules\\express\\lib\\router\\layer.js:95:5)","method":"GET","service":"citizen-grievance-backend","statusCode":401,"timestamp":"2026-05-25 23:31:13","url":"/api/complaints"}
{"ip":"::1","level":"warn","message":"GET /api/complaints 401 2ms","method":"GET","responseTimeMs":2,"service":"citizen-grievance-backend","statusCode":401,"timestamp":"2026-05-25 23:31:13","url":"/api/complaints"}
{"ip":"::1","level":"warn","message":"Unauthorized attempt: token missing","method":"GET","service":"citizen-grievance-backend","timestamp":"2026-05-25 23:31:13","url":"/api/dashboard/stats"}
{"ip":"::1","level":"warn","message":"Unauthorized attempt: token missing","method":"GET","service":"citizen-grievance-backend","timestamp":"2026-05-25 23:31:13","url":"/api/dashboard/stats"}
{"ip":"::1","level":"error","message":"Error: Not authorized, token missing\n    at C:\\Users\\M. Devika Rani\\Desktop\\Citizen-Grievance-System\\backend\\src\\middleware\\authMiddleware.js:20:11\n    at C:\\Users\\M. Devika Rani\\Desktop\\Citizen-Grievance-System\\backend\\src\\utils\\asyncHandler.js:7:21\n    at Layer.handle [as handle_request] (C:\\Users\\M. Devika Rani\\Desktop\\Citizen-Grievance-System\\backend\\node_modules\\express\\lib\\router\\layer.js:95:5)\n    at next (C:\\Users\\M. Devika Rani\\Desktop\\Citizen-Grievance-System\\backend\\node_modules\\express\\lib\\router\\route.js:149:13)\n    at Route.dispatch (C:\\Users\\M. Devika Rani\\Desktop\\Citizen-Grievance-System\\backend\\node_modules\\express\\lib\\router\\route.js:119:3)\n    at Layer.handle [as handle_request] (C:\\Users\\M. Devika Rani\\Desktop\\Citizen-Grievance-System\\backend\\node_modules\\express\\lib\\router\\layer.js:95:5)\n    at C:\\Users\\M. Devika Rani\\Desktop\\Citizen-Grievance-System\\backend\\node_modules\\express\\lib\\router\\index.js:284:15\n    at router.process_params (C:\\Users\\M. Devika Rani\\Desktop\\Citizen-Grievance-System\\backend\\node_modules\\express\\lib\\router\\index.js:346:12)\n    at next (C:\\Users\\M. Devika Rani\\Desktop\\Citizen-Grievance-System\\backend\\node_modules\\express\\lib\\router\\index.js:280:10)\n    at router.handle (C:\\Users\\M. Devika Rani\\Desktop\\Citizen-Grievance-System\\backend\\node_modules\\express\\lib\\router\\index.js:175:3)","method":"GET","service":"citizen-grievance-backend","statusCode":401,"timestamp":"2026-05-25 23:31:13","url":"/api/dashboard/stats"}
{"ip":"::1","level":"warn","message":"GET /api/dashboard/stats 401 2ms","method":"GET","responseTimeMs":2,"service":"citizen-grievance-backend","statusCode":401,"timestamp":"2026-05-25 23:31:13","url":"/api/dashboard/stats"}
{"ip":"::1","level":"error","message":"Error: Not authorized, token missing\n    at C:\\Users\\M. Devika Rani\\Desktop\\Citizen-Grievance-System\\backend\\src\\middleware\\authMiddleware.js:20:11\n    at C:\\Users\\M. Devika Rani\\Desktop\\Citizen-Grievance-System\\backend\\src\\utils\\asyncHandler.js:7:21\n    at Layer.handle [as handle_request] (C:\\Users\\M. Devika Rani\\Desktop\\Citizen-Grievance-System\\backend\\node_modules\\express\\lib\\router\\layer.js:95:5)\n    at next (C:\\Users\\M. Devika Rani\\Desktop\\Citizen-Grievance-System\\backend\\node_modules\\express\\lib\\router\\route.js:149:13)\n    at Route.dispatch (C:\\Users\\M. Devika Rani\\Desktop\\Citizen-Grievance-System\\backend\\node_modules\\express\\lib\\router\\route.js:119:3)\n    at Layer.handle [as handle_request] (C:\\Users\\M. Devika Rani\\Desktop\\Citizen-Grievance-System\\backend\\node_modules\\express\\lib\\router\\layer.js:95:5)\n    at C:\\Users\\M. Devika Rani\\Desktop\\Citizen-Grievance-System\\backend\\node_modules\\express\\lib\\router\\index.js:284:15\n    at router.process_params (C:\\Users\\M. Devika Rani\\Desktop\\Citizen-Grievance-System\\backend\\node_modules\\express\\lib\\router\\index.js:346:12)\n    at next (C:\\Users\\M. Devika Rani\\Desktop\\Citizen-Grievance-System\\backend\\node_modules\\express\\lib\\router\\index.js:280:10)\n    at router.handle (C:\\Users\\M. Devika Rani\\Desktop\\Citizen-Grievance-System\\backend\\node_modules\\express\\lib\\router\\index.js:175:3)","method":"GET","service":"citizen-grievance-backend","statusCode":401,"timestamp":"2026-05-25 23:31:13","url":"/api/dashboard/stats"}
{"ip":"::1","level":"warn","message":"GET /api/dashboard/stats 401 3ms","method":"GET","responseTimeMs":3,"service":"citizen-grievance-backend","statusCode":401,"timestamp":"2026-05-25 23:31:13","url":"/api/dashboard/stats"}
{"ip":"::1","level":"info","message":"GET /api/departments 200 19ms","method":"GET","responseTimeMs":19,"service":"citizen-grievance-backend","statusCode":200,"timestamp":"2026-05-25 23:31:13","url":"/api/departments"}
{"ip":"::1","level":"info","message":"GET /api/updates/live 200 20ms","method":"GET","responseTimeMs":20,"service":"citizen-grievance-backend","statusCode":200,"timestamp":"2026-05-25 23:31:15","url":"/api/updates/live"}
{"ip":"::1","level":"warn","message":"Unauthorized attempt: token missing","method":"GET","service":"citizen-grievance-backend","timestamp":"2026-05-25 23:31:17","url":"/api/complaints"}
{"ip":"::1","level":"error","message":"Error: Not authorized, token missing\n    at C:\\Users\\M. Devika Rani\\Desktop\\Citizen-Grievance-System\\backend\\src\\middleware\\authMiddleware.js:20:11\n    at C:\\Users\\M. Devika Rani\\Desktop\\Citizen-Grievance-System\\backend\\src\\utils\\asyncHandler.js:7:21\n    at Layer.handle [as handle_request] (C:\\Users\\M. Devika Rani\\Desktop\\Citizen-Grievance-System\\backend\\node_modules\\express\\lib\\router\\layer.js:95:5)\n    at trim_prefix (C:\\Users\\M. Devika Rani\\Desktop\\Citizen-Grievance-System\\backend\\node_modules\\express\\lib\\router\\index.js:328:13)\n    at C:\\Users\\M. Devika Rani\\Desktop\\Citizen-Grievance-System\\backend\\node_modules\\express\\lib\\router\\index.js:286:9\n    at router.process_params (C:\\Users\\M. Devika Rani\\Desktop\\Citizen-Grievance-System\\backend\\node_modules\\express\\lib\\router\\index.js:346:12)\n    at next (C:\\Users\\M. Devika Rani\\Desktop\\Citizen-Grievance-System\\backend\\node_modules\\express\\lib\\router\\index.js:280:10)\n    at router.handle (C:\\Users\\M. Devika Rani\\Desktop\\Citizen-Grievance-System\\backend\\node_modules\\express\\lib\\router\\index.js:175:3)\n    at router (C:\\Users\\M. Devika Rani\\Desktop\\Citizen-Grievance-System\\backend\\node_modules\\express\\lib\\router\\index.js:47:12)\n    at Layer.handle [as handle_request] (C:\\Users\\M. Devika Rani\\Desktop\\Citizen-Grievance-System\\backend\\node_modules\\express\\lib\\router\\layer.js:95:5)","method":"GET","service":"citizen-grievance-backend","statusCode":401,"timestamp":"2026-05-25 23:31:17","url":"/api/complaints"}
{"ip":"::1","level":"warn","message":"GET /api/complaints 401 2ms","method":"GET","responseTimeMs":2,"service":"citizen-grievance-backend","statusCode":401,"timestamp":"2026-05-25 23:31:17","url":"/api/complaints"}
{"ip":"::1","level":"warn","message":"Unauthorized attempt: token missing","method":"GET","service":"citizen-grievance-backend","timestamp":"2026-05-25 23:31:17","url":"/api/dashboard/stats"}
{"ip":"::1","level":"warn","message":"Unauthorized attempt: token missing","method":"GET","service":"citizen-grievance-backend","timestamp":"2026-05-25 23:31:17","url":"/api/dashboard/stats"}
{"ip":"::1","level":"error","message":"Error: Not authorized, token missing\n    at C:\\Users\\M. Devika Rani\\Desktop\\Citizen-Grievance-System\\backend\\src\\middleware\\authMiddleware.js:20:11\n    at C:\\Users\\M. Devika Rani\\Desktop\\Citizen-Grievance-System\\backend\\src\\utils\\asyncHandler.js:7:21\n    at Layer.handle [as handle_request] (C:\\Users\\M. Devika Rani\\Desktop\\Citizen-Grievance-System\\backend\\node_modules\\express\\lib\\router\\layer.js:95:5)\n    at next (C:\\Users\\M. Devika Rani\\Desktop\\Citizen-Grievance-System\\backend\\node_modules\\express\\lib\\router\\route.js:149:13)\n    at Route.dispatch (C:\\Users\\M. Devika Rani\\Desktop\\Citizen-Grievance-System\\backend\\node_modules\\express\\lib\\router\\route.js:119:3)\n    at Layer.handle [as handle_request] (C:\\Users\\M. Devika Rani\\Desktop\\Citizen-Grievance-System\\backend\\node_modules\\express\\lib\\router\\layer.js:95:5)\n    at C:\\Users\\M. Devika Rani\\Desktop\\Citizen-Grievance-System\\backend\\node_modules\\express\\lib\\router\\index.js:284:15\n    at router.process_params (C:\\Users\\M. Devika Rani\\Desktop\\Citizen-Grievance-System\\backend\\node_modules\\express\\lib\\router\\index.js:346:12)\n    at next (C:\\Users\\M. Devika Rani\\Desktop\\Citizen-Grievance-System\\backend\\node_modules\\express\\lib\\router\\index.js:280:10)\n    at router.handle (C:\\Users\\M. Devika Rani\\Desktop\\Citizen-Grievance-System\\backend\\node_modules\\express\\lib\\router\\index.js:175:3)","method":"GET","service":"citizen-grievance-backend","statusCode":401,"timestamp":"2026-05-25 23:31:17","url":"/api/dashboard/stats"}
{"ip":"::1","level":"warn","message":"GET /api/dashboard/stats 401 2ms","method":"GET","responseTimeMs":2,"service":"citizen-grievance-backend","statusCode":401,"timestamp":"2026-05-25 23:31:17","url":"/api/dashboard/stats"}
{"ip":"::1","level":"error","message":"Error: Not authorized, token missing\n    at C:\\Users\\M. Devika Rani\\Desktop\\Citizen-Grievance-System\\backend\\src\\middleware\\authMiddleware.js:20:11\n    at C:\\Users\\M. Devika Rani\\Desktop\\Citizen-Grievance-System\\backend\\src\\utils\\asyncHandler.js:7:21\n    at Layer.handle [as handle_request] (C:\\Users\\M. Devika Rani\\Desktop\\Citizen-Grievance-System\\backend\\node_modules\\express\\lib\\router\\layer.js:95:5)\n    at next (C:\\Users\\M. Devika Rani\\Desktop\\Citizen-Grievance-System\\backend\\node_modules\\express\\lib\\router\\route.js:149:13)\n    at Route.dispatch (C:\\Users\\M. Devika Rani\\Desktop\\Citizen-Grievance-System\\backend\\node_modules\\express\\lib\\router\\route.js:119:3)\n    at Layer.handle [as handle_request] (C:\\Users\\M. Devika Rani\\Desktop\\Citizen-Grievance-System\\backend\\node_modules\\express\\lib\\router\\layer.js:95:5)\n    at C:\\Users\\M. Devika Rani\\Desktop\\Citizen-Grievance-System\\backend\\node_modules\\express\\lib\\router\\index.js:284:15\n    at router.process_params (C:\\Users\\M. Devika Rani\\Desktop\\Citizen-Grievance-System\\backend\\node_modules\\express\\lib\\router\\index.js:346:12)\n    at next (C:\\Users\\M. Devika Rani\\Desktop\\Citizen-Grievance-System\\backend\\node_modules\\express\\lib\\router\\index.js:280:10)\n    at router.handle (C:\\Users\\M. Devika Rani\\Desktop\\Citizen-Grievance-System\\backend\\node_modules\\express\\lib\\router\\index.js:175:3)","method":"GET","service":"citizen-grievance-backend","statusCode":401,"timestamp":"2026-05-25 23:31:17","url":"/api/dashboard/stats"}
{"ip":"::1","level":"warn","message":"GET /api/dashboard/stats 401 10ms","method":"GET","responseTimeMs":10,"service":"citizen-grievance-backend","statusCode":401,"timestamp":"2026-05-25 23:31:17","url":"/api/dashboard/stats"}
{"ip":"::1","level":"info","message":"GET /api/departments 200 22ms","method":"GET","responseTimeMs":22,"service":"citizen-grievance-backend","statusCode":200,"timestamp":"2026-05-25 23:31:17","url":"/api/departments"}
{"ip":"::1","level":"info","message":"GET /api/updates/live 200 10ms","method":"GET","responseTimeMs":10,"service":"citizen-grievance-backend","statusCode":200,"timestamp":"2026-05-25 23:31:19","url":"/api/updates/live"}
{"ip":"::1","level":"warn","message":"Unauthorized attempt: token missing","method":"GET","service":"citizen-grievance-backend","timestamp":"2026-05-25 23:31:21","url":"/api/complaints"}
{"ip":"::1","level":"error","message":"Error: Not authorized, token missing\n    at C:\\Users\\M. Devika Rani\\Desktop\\Citizen-Grievance-System\\backend\\src\\middleware\\authMiddleware.js:20:11\n    at C:\\Users\\M. Devika Rani\\Desktop\\Citizen-Grievance-System\\backend\\src\\utils\\asyncHandler.js:7:21\n    at Layer.handle [as handle_request] (C:\\Users\\M. Devika Rani\\Desktop\\Citizen-Grievance-System\\backend\\node_modules\\express\\lib\\router\\layer.js:95:5)\n    at trim_prefix (C:\\Users\\M. Devika Rani\\Desktop\\Citizen-Grievance-System\\backend\\node_modules\\express\\lib\\router\\index.js:328:13)\n    at C:\\Users\\M. Devika Rani\\Desktop\\Citizen-Grievance-System\\backend\\node_modules\\express\\lib\\router\\index.js:286:9\n    at router.process_params (C:\\Users\\M. Devika Rani\\Desktop\\Citizen-Grievance-System\\backend\\node_modules\\express\\lib\\router\\index.js:346:12)\n    at next (C:\\Users\\M. Devika Rani\\Desktop\\Citizen-Grievance-System\\backend\\node_modules\\express\\lib\\router\\index.js:280:10)\n    at router.handle (C:\\Users\\M. Devika Rani\\Desktop\\Citizen-Grievance-System\\backend\\node_modules\\express\\lib\\router\\index.js:175:3)\n    at router (C:\\Users\\M. Devika Rani\\Desktop\\Citizen-Grievance-System\\backend\\node_modules\\express\\lib\\router\\index.js:47:12)\n    at Layer.handle [as handle_request] (C:\\Users\\M. Devika Rani\\Desktop\\Citizen-Grievance-System\\backend\\node_modules\\express\\lib\\router\\layer.js:95:5)","method":"GET","service":"citizen-grievance-backend","statusCode":401,"timestamp":"2026-05-25 23:31:21","url":"/api/complaints"}
{"ip":"::1","level":"warn","message":"GET /api/complaints 401 4ms","method":"GET","responseTimeMs":4,"service":"citizen-grievance-backend","statusCode":401,"timestamp":"2026-05-25 23:31:21","url":"/api/complaints"}
{"ip":"::1","level":"warn","message":"Unauthorized attempt: token missing","method":"GET","service":"citizen-grievance-backend","timestamp":"2026-05-25 23:31:21","url":"/api/dashboard/stats"}
{"ip":"::1","level":"warn","message":"Unauthorized attempt: token missing","method":"GET","service":"citizen-grievance-backend","timestamp":"2026-05-25 23:31:21","url":"/api/dashboard/stats"}
{"ip":"::1","level":"error","message":"Error: Not authorized, token missing\n    at C:\\Users\\M. Devika Rani\\Desktop\\Citizen-Grievance-System\\backend\\src\\middleware\\authMiddleware.js:20:11\n    at C:\\Users\\M. Devika Rani\\Desktop\\Citizen-Grievance-System\\backend\\src\\utils\\asyncHandler.js:7:21\n    at Layer.handle [as handle_request] (C:\\Users\\M. Devika Rani\\Desktop\\Citizen-Grievance-System\\backend\\node_modules\\express\\lib\\router\\layer.js:95:5)\n    at next (C:\\Users\\M. Devika Rani\\Desktop\\Citizen-Grievance-System\\backend\\node_modules\\express\\lib\\router\\route.js:149:13)\n    at Route.dispatch (C:\\Users\\M. Devika Rani\\Desktop\\Citizen-Grievance-System\\backend\\node_modules\\express\\lib\\router\\route.js:119:3)\n    at Layer.handle [as handle_request] (C:\\Users\\M. Devika Rani\\Desktop\\Citizen-Grievance-System\\backend\\node_modules\\express\\lib\\router\\layer.js:95:5)\n    at C:\\Users\\M. Devika Rani\\Desktop\\Citizen-Grievance-System\\backend\\node_modules\\express\\lib\\router\\index.js:284:15\n    at router.process_params (C:\\Users\\M. Devika Rani\\Desktop\\Citizen-Grievance-System\\backend\\node_modules\\express\\lib\\router\\index.js:346:12)\n    at next (C:\\Users\\M. Devika Rani\\Desktop\\Citizen-Grievance-System\\backend\\node_modules\\express\\lib\\router\\index.js:280:10)\n    at router.handle (C:\\Users\\M. Devika Rani\\Desktop\\Citizen-Grievance-System\\backend\\node_modules\\express\\lib\\router\\index.js:175:3)","method":"GET","service":"citizen-grievance-backend","statusCode":401,"timestamp":"2026-05-25 23:31:21","url":"/api/dashboard/stats"}
{"ip":"::1","level":"warn","message":"GET /api/dashboard/stats 401 6ms","method":"GET","responseTimeMs":6,"service":"citizen-grievance-backend","statusCode":401,"timestamp":"2026-05-25 23:31:21","url":"/api/dashboard/stats"}
{"ip":"::1","level":"error","message":"Error: Not authorized, token missing\n    at C:\\Users\\M. Devika Rani\\Desktop\\Citizen-Grievance-System\\backend\\src\\middleware\\authMiddleware.js:20:11\n    at C:\\Users\\M. Devika Rani\\Desktop\\Citizen-Grievance-System\\backend\\src\\utils\\asyncHandler.js:7:21\n    at Layer.handle [as handle_request] (C:\\Users\\M. Devika Rani\\Desktop\\Citizen-Grievance-System\\backend\\node_modules\\express\\lib\\router\\layer.js:95:5)\n    at next (C:\\Users\\M. Devika Rani\\Desktop\\Citizen-Grievance-System\\backend\\node_modules\\express\\lib\\router\\route.js:149:13)\n    at Route.dispatch (C:\\Users\\M. Devika Rani\\Desktop\\Citizen-Grievance-System\\backend\\node_modules\\express\\lib\\router\\route.js:119:3)\n    at Layer.handle [as handle_request] (C:\\Users\\M. Devika Rani\\Desktop\\Citizen-Grievance-System\\backend\\node_modules\\express\\lib\\router\\layer.js:95:5)\n    at C:\\Users\\M. Devika Rani\\Desktop\\Citizen-Grievance-System\\backend\\node_modules\\express\\lib\\router\\index.js:284:15\n    at router.process_params (C:\\Users\\M. Devika Rani\\Desktop\\Citizen-Grievance-System\\backend\\node_modules\\express\\lib\\router\\index.js:346:12)\n    at next (C:\\Users\\M. Devika Rani\\Desktop\\Citizen-Grievance-System\\backend\\node_modules\\express\\lib\\router\\index.js:280:10)\n    at router.handle (C:\\Users\\M. Devika Rani\\Desktop\\Citizen-Grievance-System\\backend\\node_modules\\express\\lib\\router\\index.js:175:3)","method":"GET","service":"citizen-grievance-backend","statusCode":401,"timestamp":"2026-05-25 23:31:21","url":"/api/dashboard/stats"}
{"ip":"::1","level":"warn","message":"GET /api/dashboard/stats 401 7ms","method":"GET","responseTimeMs":7,"service":"citizen-grievance-backend","statusCode":401,"timestamp":"2026-05-25 23:31:21","url":"/api/dashboard/stats"}
{"ip":"::1","level":"info","message":"GET /api/departments 200 31ms","method":"GET","responseTimeMs":31,"service":"citizen-grievance-backend","statusCode":200,"timestamp":"2026-05-25 23:31:21","url":"/api/departments"}
{"ip":"::1","level":"info","message":"GET /api/updates/live 200 97ms","method":"GET","responseTimeMs":97,"service":"citizen-grievance-backend","statusCode":200,"timestamp":"2026-05-25 23:31:23","url":"/api/updates/live"}
{"ip":"::1","level":"info","message":"GET /api/updates/live 200 17ms","method":"GET","responseTimeMs":17,"service":"citizen-grievance-backend","statusCode":200,"timestamp":"2026-05-25 23:31:27","url":"/api/updates/live"}
{"ip":"::1","level":"warn","message":"Unauthorized attempt: token missing","method":"GET","service":"citizen-grievance-backend","timestamp":"2026-05-25 23:31:30","url":"/api/complaints"}
{"ip":"::1","level":"error","message":"Error: Not authorized, token missing\n    at C:\\Users\\M. Devika Rani\\Desktop\\Citizen-Grievance-System\\backend\\src\\middleware\\authMiddleware.js:20:11\n    at C:\\Users\\M. Devika Rani\\Desktop\\Citizen-Grievance-System\\backend\\src\\utils\\asyncHandler.js:7:21\n    at Layer.handle [as handle_request] (C:\\Users\\M. Devika Rani\\Desktop\\Citizen-Grievance-System\\backend\\node_modules\\express\\lib\\router\\layer.js:95:5)\n    at trim_prefix (C:\\Users\\M. Devika Rani\\Desktop\\Citizen-Grievance-System\\backend\\node_modules\\express\\lib\\router\\index.js:328:13)\n    at C:\\Users\\M. Devika Rani\\Desktop\\Citizen-Grievance-System\\backend\\node_modules\\express\\lib\\router\\index.js:286:9\n    at router.process_params (C:\\Users\\M. Devika Rani\\Desktop\\Citizen-Grievance-System\\backend\\node_modules\\express\\lib\\router\\index.js:346:12)\n    at next (C:\\Users\\M. Devika Rani\\Desktop\\Citizen-Grievance-System\\backend\\node_modules\\express\\lib\\router\\index.js:280:10)\n    at router.handle (C:\\Users\\M. Devika Rani\\Desktop\\Citizen-Grievance-System\\backend\\node_modules\\express\\lib\\router\\index.js:175:3)\n    at router (C:\\Users\\M. Devika Rani\\Desktop\\Citizen-Grievance-System\\backend\\node_modules\\express\\lib\\router\\index.js:47:12)\n    at Layer.handle [as handle_request] (C:\\Users\\M. Devika Rani\\Desktop\\Citizen-Grievance-System\\backend\\node_modules\\express\\lib\\router\\layer.js:95:5)","method":"GET","service":"citizen-grievance-backend","statusCode":401,"timestamp":"2026-05-25 23:31:30","url":"/api/complaints"}
{"ip":"::1","level":"warn","message":"GET /api/complaints 401 3ms","method":"GET","responseTimeMs":3,"service":"citizen-grievance-backend","statusCode":401,"timestamp":"2026-05-25 23:31:30","url":"/api/complaints"}
{"ip":"::1","level":"warn","message":"Unauthorized attempt: token missing","method":"GET","service":"citizen-grievance-backend","timestamp":"2026-05-25 23:31:30","url":"/api/dashboard/stats"}
{"ip":"::1","level":"warn","message":"Unauthorized attempt: token missing","method":"GET","service":"citizen-grievance-backend","timestamp":"2026-05-25 23:31:30","url":"/api/dashboard/stats"}
{"ip":"::1","level":"error","message":"Error: Not authorized, token missing\n    at C:\\Users\\M. Devika Rani\\Desktop\\Citizen-Grievance-System\\backend\\src\\middleware\\authMiddleware.js:20:11\n    at C:\\Users\\M. Devika Rani\\Desktop\\Citizen-Grievance-System\\backend\\src\\utils\\asyncHandler.js:7:21\n    at Layer.handle [as handle_request] (C:\\Users\\M. Devika Rani\\Desktop\\Citizen-Grievance-System\\backend\\node_modules\\express\\lib\\router\\layer.js:95:5)\n    at next (C:\\Users\\M. Devika Rani\\Desktop\\Citizen-Grievance-System\\backend\\node_modules\\express\\lib\\router\\route.js:149:13)\n    at Route.dispatch (C:\\Users\\M. Devika Rani\\Desktop\\Citizen-Grievance-System\\backend\\node_modules\\express\\lib\\router\\route.js:119:3)\n    at Layer.handle [as handle_request] (C:\\Users\\M. Devika Rani\\Desktop\\Citizen-Grievance-System\\backend\\node_modules\\express\\lib\\router\\layer.js:95:5)\n    at C:\\Users\\M. Devika Rani\\Desktop\\Citizen-Grievance-System\\backend\\node_modules\\express\\lib\\router\\index.js:284:15\n    at router.process_params (C:\\Users\\M. Devika Rani\\Desktop\\Citizen-Grievance-System\\backend\\node_modules\\express\\lib\\router\\index.js:346:12)\n    at next (C:\\Users\\M. Devika Rani\\Desktop\\Citizen-Grievance-System\\backend\\node_modules\\express\\lib\\router\\index.js:280:10)\n    at router.handle (C:\\Users\\M. Devika Rani\\Desktop\\Citizen-Grievance-System\\backend\\node_modules\\express\\lib\\router\\index.js:175:3)","method":"GET","service":"citizen-grievance-backend","statusCode":401,"timestamp":"2026-05-25 23:31:30","url":"/api/dashboard/stats"}
{"ip":"::1","level":"warn","message":"GET /api/dashboard/stats 401 5ms","method":"GET","responseTimeMs":5,"service":"citizen-grievance-backend","statusCode":401,"timestamp":"2026-05-25 23:31:30","url":"/api/dashboard/stats"}
{"ip":"::1","level":"error","message":"Error: Not authorized, token missing\n    at C:\\Users\\M. Devika Rani\\Desktop\\Citizen-Grievance-System\\backend\\src\\middleware\\authMiddleware.js:20:11\n    at C:\\Users\\M. Devika Rani\\Desktop\\Citizen-Grievance-System\\backend\\src\\utils\\asyncHandler.js:7:21\n    at Layer.handle [as handle_request] (C:\\Users\\M. Devika Rani\\Desktop\\Citizen-Grievance-System\\backend\\node_modules\\express\\lib\\router\\layer.js:95:5)\n    at next (C:\\Users\\M. Devika Rani\\Desktop\\Citizen-Grievance-System\\backend\\node_modules\\express\\lib\\router\\route.js:149:13)\n    at Route.dispatch (C:\\Users\\M. Devika Rani\\Desktop\\Citizen-Grievance-System\\backend\\node_modules\\express\\lib\\router\\route.js:119:3)\n    at Layer.handle [as handle_request] (C:\\Users\\M. Devika Rani\\Desktop\\Citizen-Grievance-System\\backend\\node_modules\\express\\lib\\router\\layer.js:95:5)\n    at C:\\Users\\M. Devika Rani\\Desktop\\Citizen-Grievance-System\\backend\\node_modules\\express\\lib\\router\\index.js:284:15\n    at router.process_params (C:\\Users\\M. Devika Rani\\Desktop\\Citizen-Grievance-System\\backend\\node_modules\\express\\lib\\router\\index.js:346:12)\n    at next (C:\\Users\\M. Devika Rani\\Desktop\\Citizen-Grievance-System\\backend\\node_modules\\express\\lib\\router\\index.js:280:10)\n    at router.handle (C:\\Users\\M. Devika Rani\\Desktop\\Citizen-Grievance-System\\backend\\node_modules\\express\\lib\\router\\index.js:175:3)","method":"GET","service":"citizen-grievance-backend","statusCode":401,"timestamp":"2026-05-25 23:31:30","url":"/api/dashboard/stats"}
{"ip":"::1","level":"warn","message":"GET /api/dashboard/stats 401 8ms","method":"GET","responseTimeMs":8,"service":"citizen-grievance-backend","statusCode":401,"timestamp":"2026-05-25 23:31:30","url":"/api/dashboard/stats"}
{"ip":"::1","level":"info","message":"GET /api/departments 200 24ms","method":"GET","responseTimeMs":24,"service":"citizen-grievance-backend","statusCode":200,"timestamp":"2026-05-25 23:31:30","url":"/api/departments"}
{"ip":"::1","level":"warn","message":"Unauthorized attempt: token missing","method":"GET","service":"citizen-grievance-backend","timestamp":"2026-05-25 23:31:30","url":"/api/dashboard/stats"}
{"ip":"::1","level":"error","message":"Error: Not authorized, token missing\n    at C:\\Users\\M. Devika Rani\\Desktop\\Citizen-Grievance-System\\backend\\src\\middleware\\authMiddleware.js:20:11\n    at C:\\Users\\M. Devika Rani\\Desktop\\Citizen-Grievance-System\\backend\\src\\utils\\asyncHandler.js:7:21\n    at Layer.handle [as handle_request] (C:\\Users\\M. Devika Rani\\Desktop\\Citizen-Grievance-System\\backend\\node_modules\\express\\lib\\router\\layer.js:95:5)\n    at next (C:\\Users\\M. Devika Rani\\Desktop\\Citizen-Grievance-System\\backend\\node_modules\\express\\lib\\router\\route.js:149:13)\n    at Route.dispatch (C:\\Users\\M. Devika Rani\\Desktop\\Citizen-Grievance-System\\backend\\node_modules\\express\\lib\\router\\route.js:119:3)\n    at Layer.handle [as handle_request] (C:\\Users\\M. Devika Rani\\Desktop\\Citizen-Grievance-System\\backend\\node_modules\\express\\lib\\router\\layer.js:95:5)\n    at C:\\Users\\M. Devika Rani\\Desktop\\Citizen-Grievance-System\\backend\\node_modules\\express\\lib\\router\\index.js:284:15\n    at router.process_params (C:\\Users\\M. Devika Rani\\Desktop\\Citizen-Grievance-System\\backend\\node_modules\\express\\lib\\router\\index.js:346:12)\n    at next (C:\\Users\\M. Devika Rani\\Desktop\\Citizen-Grievance-System\\backend\\node_modules\\express\\lib\\router\\index.js:280:10)\n    at router.handle (C:\\Users\\M. Devika Rani\\Desktop\\Citizen-Grievance-System\\backend\\node_modules\\express\\lib\\router\\index.js:175:3)","method":"GET","service":"citizen-grievance-backend","statusCode":401,"timestamp":"2026-05-25 23:31:30","url":"/api/dashboard/stats"}
{"ip":"::1","level":"warn","message":"GET /api/dashboard/stats 401 2ms","method":"GET","responseTimeMs":2,"service":"citizen-grievance-backend","statusCode":401,"timestamp":"2026-05-25 23:31:30","url":"/api/dashboard/stats"}
{"ip":"::1","level":"warn","message":"Unauthorized attempt: token missing","method":"GET","service":"citizen-grievance-backend","timestamp":"2026-05-25 23:31:30","url":"/api/complaints"}
{"ip":"::1","level":"error","message":"Error: Not authorized, token missing\n    at C:\\Users\\M. Devika Rani\\Desktop\\Citizen-Grievance-System\\backend\\src\\middleware\\authMiddleware.js:20:11\n    at C:\\Users\\M. Devika Rani\\Desktop\\Citizen-Grievance-System\\backend\\src\\utils\\asyncHandler.js:7:21\n    at Layer.handle [as handle_request] (C:\\Users\\M. Devika Rani\\Desktop\\Citizen-Grievance-System\\backend\\node_modules\\express\\lib\\router\\layer.js:95:5)\n    at trim_prefix (C:\\Users\\M. Devika Rani\\Desktop\\Citizen-Grievance-System\\backend\\node_modules\\express\\lib\\router\\index.js:328:13)\n    at C:\\Users\\M. Devika Rani\\Desktop\\Citizen-Grievance-System\\backend\\node_modules\\express\\lib\\router\\index.js:286:9\n    at router.process_params (C:\\Users\\M. Devika Rani\\Desktop\\Citizen-Grievance-System\\backend\\node_modules\\express\\lib\\router\\index.js:346:12)\n    at next (C:\\Users\\M. Devika Rani\\Desktop\\Citizen-Grievance-System\\backend\\node_modules\\express\\lib\\router\\index.js:280:10)\n    at router.handle (C:\\Users\\M. Devika Rani\\Desktop\\Citizen-Grievance-System\\backend\\node_modules\\express\\lib\\router\\index.js:175:3)\n    at router (C:\\Users\\M. Devika Rani\\Desktop\\Citizen-Grievance-System\\backend\\node_modules\\express\\lib\\router\\index.js:47:12)\n    at Layer.handle [as handle_request] (C:\\Users\\M. Devika Rani\\Desktop\\Citizen-Grievance-System\\backend\\node_modules\\express\\lib\\router\\layer.js:95:5)","method":"GET","service":"citizen-grievance-backend","statusCode":401,"timestamp":"2026-05-25 23:31:31","url":"/api/complaints"}
{"ip":"::1","level":"warn","message":"GET /api/complaints 401 36ms","method":"GET","responseTimeMs":36,"service":"citizen-grievance-backend","statusCode":401,"timestamp":"2026-05-25 23:31:31","url":"/api/complaints"}
{"ip":"::1","level":"warn","message":"Unauthorized attempt: token missing","method":"GET","service":"citizen-grievance-backend","timestamp":"2026-05-25 23:31:31","url":"/api/dashboard/stats"}
{"ip":"::1","level":"error","message":"Error: Not authorized, token missing\n    at C:\\Users\\M. Devika Rani\\Desktop\\Citizen-Grievance-System\\backend\\src\\middleware\\authMiddleware.js:20:11\n    at C:\\Users\\M. Devika Rani\\Desktop\\Citizen-Grievance-System\\backend\\src\\utils\\asyncHandler.js:7:21\n    at Layer.handle [as handle_request] (C:\\Users\\M. Devika Rani\\Desktop\\Citizen-Grievance-System\\backend\\node_modules\\express\\lib\\router\\layer.js:95:5)\n    at next (C:\\Users\\M. Devika Rani\\Desktop\\Citizen-Grievance-System\\backend\\node_modules\\express\\lib\\router\\route.js:149:13)\n    at Route.dispatch (C:\\Users\\M. Devika Rani\\Desktop\\Citizen-Grievance-System\\backend\\node_modules\\express\\lib\\router\\route.js:119:3)\n    at Layer.handle [as handle_request] (C:\\Users\\M. Devika Rani\\Desktop\\Citizen-Grievance-System\\backend\\node_modules\\express\\lib\\router\\layer.js:95:5)\n    at C:\\Users\\M. Devika Rani\\Desktop\\Citizen-Grievance-System\\backend\\node_modules\\express\\lib\\router\\index.js:284:15\n    at router.process_params (C:\\Users\\M. Devika Rani\\Desktop\\Citizen-Grievance-System\\backend\\node_modules\\express\\lib\\router\\index.js:346:12)\n    at next (C:\\Users\\M. Devika Rani\\Desktop\\Citizen-Grievance-System\\backend\\node_modules\\express\\lib\\router\\index.js:280:10)\n    at router.handle (C:\\Users\\M. Devika Rani\\Desktop\\Citizen-Grievance-System\\backend\\node_modules\\express\\lib\\router\\index.js:175:3)","method":"GET","service":"citizen-grievance-backend","statusCode":401,"timestamp":"2026-05-25 23:31:31","url":"/api/dashboard/stats"}
{"ip":"::1","level":"warn","message":"GET /api/dashboard/stats 401 15ms","method":"GET","responseTimeMs":15,"service":"citizen-grievance-backend","statusCode":401,"timestamp":"2026-05-25 23:31:31","url":"/api/dashboard/stats"}
{"ip":"::1","level":"info","message":"GET /api/governance/timeline 304 140ms","method":"GET","responseTimeMs":140,"service":"citizen-grievance-backend","statusCode":304,"timestamp":"2026-05-25 23:31:31","url":"/api/governance/timeline"}
{"ip":"::1","level":"warn","message":"Unauthorized attempt: token missing","method":"GET","service":"citizen-grievance-backend","timestamp":"2026-05-25 23:31:31","url":"/api/dashboard/stats"}
{"ip":"::1","level":"error","message":"Error: Not authorized, token missing\n    at C:\\Users\\M. Devika Rani\\Desktop\\Citizen-Grievance-System\\backend\\src\\middleware\\authMiddleware.js:20:11\n    at C:\\Users\\M. Devika Rani\\Desktop\\Citizen-Grievance-System\\backend\\src\\utils\\asyncHandler.js:7:21\n    at Layer.handle [as handle_request] (C:\\Users\\M. Devika Rani\\Desktop\\Citizen-Grievance-System\\backend\\node_modules\\express\\lib\\router\\layer.js:95:5)\n    at next (C:\\Users\\M. Devika Rani\\Desktop\\Citizen-Grievance-System\\backend\\node_modules\\express\\lib\\router\\route.js:149:13)\n    at Route.dispatch (C:\\Users\\M. Devika Rani\\Desktop\\Citizen-Grievance-System\\backend\\node_modules\\express\\lib\\router\\route.js:119:3)\n    at Layer.handle [as handle_request] (C:\\Users\\M. Devika Rani\\Desktop\\Citizen-Grievance-System\\backend\\node_modules\\express\\lib\\router\\layer.js:95:5)\n    at C:\\Users\\M. Devika Rani\\Desktop\\Citizen-Grievance-System\\backend\\node_modules\\express\\lib\\router\\index.js:284:15\n    at router.process_params (C:\\Users\\M. Devika Rani\\Desktop\\Citizen-Grievance-System\\backend\\node_modules\\express\\lib\\router\\index.js:346:12)\n    at next (C:\\Users\\M. Devika Rani\\Desktop\\Citizen-Grievance-System\\backend\\node_modules\\express\\lib\\router\\index.js:280:10)\n    at router.handle (C:\\Users\\M. Devika Rani\\Desktop\\Citizen-Grievance-System\\backend\\node_modules\\express\\lib\\router\\index.js:175:3)","method":"GET","service":"citizen-grievance-backend","statusCode":401,"timestamp":"2026-05-25 23:31:31","url":"/api/dashboard/stats"}
{"ip":"::1","level":"warn","message":"GET /api/dashboard/stats 401 25ms","method":"GET","responseTimeMs":25,"service":"citizen-grievance-backend","statusCode":401,"timestamp":"2026-05-25 23:31:31","url":"/api/dashboard/stats"}
{"ip":"::1","level":"info","message":"GET /api/updates/live 200 44ms","method":"GET","responseTimeMs":44,"service":"citizen-grievance-backend","statusCode":200,"timestamp":"2026-05-25 23:31:31","url":"/api/updates/live"}
{"ip":"::1","level":"warn","message":"Unauthorized attempt: token missing","method":"GET","service":"citizen-grievance-backend","timestamp":"2026-05-25 23:31:32","url":"/api/dashboard/stats"}
{"ip":"::1","level":"error","message":"Error: Not authorized, token missing\n    at C:\\Users\\M. Devika Rani\\Desktop\\Citizen-Grievance-System\\backend\\src\\middleware\\authMiddleware.js:20:11\n    at C:\\Users\\M. Devika Rani\\Desktop\\Citizen-Grievance-System\\backend\\src\\utils\\asyncHandler.js:7:21\n    at Layer.handle [as handle_request] (C:\\Users\\M. Devika Rani\\Desktop\\Citizen-Grievance-System\\backend\\node_modules\\express\\lib\\router\\layer.js:95:5)\n    at next (C:\\Users\\M. Devika Rani\\Desktop\\Citizen-Grievance-System\\backend\\node_modules\\express\\lib\\router\\route.js:149:13)\n    at Route.dispatch (C:\\Users\\M. Devika Rani\\Desktop\\Citizen-Grievance-System\\backend\\node_modules\\express\\lib\\router\\route.js:119:3)\n    at Layer.handle [as handle_request] (C:\\Users\\M. Devika Rani\\Desktop\\Citizen-Grievance-System\\backend\\node_modules\\express\\lib\\router\\layer.js:95:5)\n    at C:\\Users\\M. Devika Rani\\Desktop\\Citizen-Grievance-System\\backend\\node_modules\\express\\lib\\router\\index.js:284:15\n    at router.process_params (C:\\Users\\M. Devika Rani\\Desktop\\Citizen-Grievance-System\\backend\\node_modules\\express\\lib\\router\\index.js:346:12)\n    at next (C:\\Users\\M. Devika Rani\\Desktop\\Citizen-Grievance-System\\backend\\node_modules\\express\\lib\\router\\index.js:280:10)\n    at router.handle (C:\\Users\\M. Devika Rani\\Desktop\\Citizen-Grievance-System\\backend\\node_modules\\express\\lib\\router\\index.js:175:3)","method":"GET","service":"citizen-grievance-backend","statusCode":401,"timestamp":"2026-05-25 23:31:32","url":"/api/dashboard/stats"}
{"ip":"::1","level":"warn","message":"GET /api/dashboard/stats 401 3ms","method":"GET","responseTimeMs":3,"service":"citizen-grievance-backend","statusCode":401,"timestamp":"2026-05-25 23:31:32","url":"/api/dashboard/stats"}
{"ip":"::1","level":"warn","message":"Unauthorized attempt: token missing","method":"GET","service":"citizen-grievance-backend","timestamp":"2026-05-25 23:31:32","url":"/api/dashboard/stats"}
{"ip":"::1","level":"error","message":"Error: Not authorized, token missing\n    at C:\\Users\\M. Devika Rani\\Desktop\\Citizen-Grievance-System\\backend\\src\\middleware\\authMiddleware.js:20:11\n    at C:\\Users\\M. Devika Rani\\Desktop\\Citizen-Grievance-System\\backend\\src\\utils\\asyncHandler.js:7:21\n    at Layer.handle [as handle_request] (C:\\Users\\M. Devika Rani\\Desktop\\Citizen-Grievance-System\\backend\\node_modules\\express\\lib\\router\\layer.js:95:5)\n    at next (C:\\Users\\M. Devika Rani\\Desktop\\Citizen-Grievance-System\\backend\\node_modules\\express\\lib\\router\\route.js:149:13)\n    at Route.dispatch (C:\\Users\\M. Devika Rani\\Desktop\\Citizen-Grievance-System\\backend\\node_modules\\express\\lib\\router\\route.js:119:3)\n    at Layer.handle [as handle_request] (C:\\Users\\M. Devika Rani\\Desktop\\Citizen-Grievance-System\\backend\\node_modules\\express\\lib\\router\\layer.js:95:5)\n    at C:\\Users\\M. Devika Rani\\Desktop\\Citizen-Grievance-System\\backend\\node_modules\\express\\lib\\router\\index.js:284:15\n    at router.process_params (C:\\Users\\M. Devika Rani\\Desktop\\Citizen-Grievance-System\\backend\\node_modules\\express\\lib\\router\\index.js:346:12)\n    at next (C:\\Users\\M. Devika Rani\\Desktop\\Citizen-Grievance-System\\backend\\node_modules\\express\\lib\\router\\index.js:280:10)\n    at router.handle (C:\\Users\\M. Devika Rani\\Desktop\\Citizen-Grievance-System\\backend\\node_modules\\express\\lib\\router\\index.js:175:3)","method":"GET","service":"citizen-grievance-backend","statusCode":401,"timestamp":"2026-05-25 23:31:32","url":"/api/dashboard/stats"}
{"ip":"::1","level":"warn","message":"GET /api/dashboard/stats 401 2ms","method":"GET","responseTimeMs":2,"service":"citizen-grievance-backend","statusCode":401,"timestamp":"2026-05-25 23:31:32","url":"/api/dashboard/stats"}
{"ip":"::1","level":"warn","message":"Unauthorized attempt: token missing","method":"GET","service":"citizen-grievance-backend","timestamp":"2026-05-25 23:31:32","url":"/api/complaints"}
{"ip":"::1","level":"error","message":"Error: Not authorized, token missing\n    at C:\\Users\\M. Devika Rani\\Desktop\\Citizen-Grievance-System\\backend\\src\\middleware\\authMiddleware.js:20:11\n    at C:\\Users\\M. Devika Rani\\Desktop\\Citizen-Grievance-System\\backend\\src\\utils\\asyncHandler.js:7:21\n    at Layer.handle [as handle_request] (C:\\Users\\M. Devika Rani\\Desktop\\Citizen-Grievance-System\\backend\\node_modules\\express\\lib\\router\\layer.js:95:5)\n    at trim_prefix (C:\\Users\\M. Devika Rani\\Desktop\\Citizen-Grievance-System\\backend\\node_modules\\express\\lib\\router\\index.js:328:13)\n    at C:\\Users\\M. Devika Rani\\Desktop\\Citizen-Grievance-System\\backend\\node_modules\\express\\lib\\router\\index.js:286:9\n    at router.process_params (C:\\Users\\M. Devika Rani\\Desktop\\Citizen-Grievance-System\\backend\\node_modules\\express\\lib\\router\\index.js:346:12)\n    at next (C:\\Users\\M. Devika Rani\\Desktop\\Citizen-Grievance-System\\backend\\node_modules\\express\\lib\\router\\index.js:280:10)\n    at router.handle (C:\\Users\\M. Devika Rani\\Desktop\\Citizen-Grievance-System\\backend\\node_modules\\express\\lib\\router\\index.js:175:3)\n    at router (C:\\Users\\M. Devika Rani\\Desktop\\Citizen-Grievance-System\\backend\\node_modules\\express\\lib\\router\\index.js:47:12)\n    at Layer.handle [as handle_request] (C:\\Users\\M. Devika Rani\\Desktop\\Citizen-Grievance-System\\backend\\node_modules\\express\\lib\\router\\layer.js:95:5)","method":"GET","service":"citizen-grievance-backend","statusCode":401,"timestamp":"2026-05-25 23:31:32","url":"/api/complaints"}
{"ip":"::1","level":"warn","message":"GET /api/complaints 401 2ms","method":"GET","responseTimeMs":2,"service":"citizen-grievance-backend","statusCode":401,"timestamp":"2026-05-25 23:31:32","url":"/api/complaints"}
{"ip":"::1","level":"warn","message":"Unauthorized attempt: token missing","method":"GET","service":"citizen-grievance-backend","timestamp":"2026-05-25 23:31:32","url":"/api/dashboard/stats"}
{"ip":"::1","level":"error","message":"Error: Not authorized, token missing\n    at C:\\Users\\M. Devika Rani\\Desktop\\Citizen-Grievance-System\\backend\\src\\middleware\\authMiddleware.js:20:11\n    at C:\\Users\\M. Devika Rani\\Desktop\\Citizen-Grievance-System\\backend\\src\\utils\\asyncHandler.js:7:21\n    at Layer.handle [as handle_request] (C:\\Users\\M. Devika Rani\\Desktop\\Citizen-Grievance-System\\backend\\node_modules\\express\\lib\\router\\layer.js:95:5)\n    at next (C:\\Users\\M. Devika Rani\\Desktop\\Citizen-Grievance-System\\backend\\node_modules\\express\\lib\\router\\route.js:149:13)\n    at Route.dispatch (C:\\Users\\M. Devika Rani\\Desktop\\Citizen-Grievance-System\\backend\\node_modules\\express\\lib\\router\\route.js:119:3)\n    at Layer.handle [as handle_request] (C:\\Users\\M. Devika Rani\\Desktop\\Citizen-Grievance-System\\backend\\node_modules\\express\\lib\\router\\layer.js:95:5)\n    at C:\\Users\\M. Devika Rani\\Desktop\\Citizen-Grievance-System\\backend\\node_modules\\express\\lib\\router\\index.js:284:15\n    at router.process_params (C:\\Users\\M. Devika Rani\\Desktop\\Citizen-Grievance-System\\backend\\node_modules\\express\\lib\\router\\index.js:346:12)\n    at next (C:\\Users\\M. Devika Rani\\Desktop\\Citizen-Grievance-System\\backend\\node_modules\\express\\lib\\router\\index.js:280:10)\n    at router.handle (C:\\Users\\M. Devika Rani\\Desktop\\Citizen-Grievance-System\\backend\\node_modules\\express\\lib\\router\\index.js:175:3)","method":"GET","service":"citizen-grievance-backend","statusCode":401,"timestamp":"2026-05-25 23:31:32","url":"/api/dashboard/stats"}
{"ip":"::1","level":"warn","message":"GET /api/dashboard/stats 401 5ms","method":"GET","responseTimeMs":5,"service":"citizen-grievance-backend","statusCode":401,"timestamp":"2026-05-25 23:31:32","url":"/api/dashboard/stats"}
{"ip":"::1","level":"warn","message":"Unauthorized attempt: token missing","method":"GET","service":"citizen-grievance-backend","timestamp":"2026-05-25 23:31:34","url":"/api/dashboard/stats"}
{"ip":"::1","level":"error","message":"Error: Not authorized, token missing\n    at C:\\Users\\M. Devika Rani\\Desktop\\Citizen-Grievance-System\\backend\\src\\middleware\\authMiddleware.js:20:11\n    at C:\\Users\\M. Devika Rani\\Desktop\\Citizen-Grievance-System\\backend\\src\\utils\\asyncHandler.js:7:21\n    at Layer.handle [as handle_request] (C:\\Users\\M. Devika Rani\\Desktop\\Citizen-Grievance-System\\backend\\node_modules\\express\\lib\\router\\layer.js:95:5)\n    at next (C:\\Users\\M. Devika Rani\\Desktop\\Citizen-Grievance-System\\backend\\node_modules\\express\\lib\\router\\route.js:149:13)\n    at Route.dispatch (C:\\Users\\M. Devika Rani\\Desktop\\Citizen-Grievance-System\\backend\\node_modules\\express\\lib\\router\\route.js:119:3)\n    at Layer.handle [as handle_request] (C:\\Users\\M. Devika Rani\\Desktop\\Citizen-Grievance-System\\backend\\node_modules\\express\\lib\\router\\layer.js:95:5)\n    at C:\\Users\\M. Devika Rani\\Desktop\\Citizen-Grievance-System\\backend\\node_modules\\express\\lib\\router\\index.js:284:15\n    at router.process_params (C:\\Users\\M. Devika Rani\\Desktop\\Citizen-Grievance-System\\backend\\node_modules\\express\\lib\\router\\index.js:346:12)\n    at next (C:\\Users\\M. Devika Rani\\Desktop\\Citizen-Grievance-System\\backend\\node_modules\\express\\lib\\router\\index.js:280:10)\n    at router.handle (C:\\Users\\M. Devika Rani\\Desktop\\Citizen-Grievance-System\\backend\\node_modules\\express\\lib\\router\\index.js:175:3)","method":"GET","service":"citizen-grievance-backend","statusCode":401,"timestamp":"2026-05-25 23:31:34","url":"/api/dashboard/stats"}
{"ip":"::1","level":"warn","message":"GET /api/dashboard/stats 401 3ms","method":"GET","responseTimeMs":3,"service":"citizen-grievance-backend","statusCode":401,"timestamp":"2026-05-25 23:31:34","url":"/api/dashboard/stats"}
{"ip":"::1","level":"warn","message":"Unauthorized attempt: token missing","method":"GET","service":"citizen-grievance-backend","timestamp":"2026-05-25 23:31:34","url":"/api/dashboard/stats"}
{"ip":"::1","level":"error","message":"Error: Not authorized, token missing\n    at C:\\Users\\M. Devika Rani\\Desktop\\Citizen-Grievance-System\\backend\\src\\middleware\\authMiddleware.js:20:11\n    at C:\\Users\\M. Devika Rani\\Desktop\\Citizen-Grievance-System\\backend\\src\\utils\\asyncHandler.js:7:21\n    at Layer.handle [as handle_request] (C:\\Users\\M. Devika Rani\\Desktop\\Citizen-Grievance-System\\backend\\node_modules\\express\\lib\\router\\layer.js:95:5)\n    at next (C:\\Users\\M. Devika Rani\\Desktop\\Citizen-Grievance-System\\backend\\node_modules\\express\\lib\\router\\route.js:149:13)\n    at Route.dispatch (C:\\Users\\M. Devika Rani\\Desktop\\Citizen-Grievance-System\\backend\\node_modules\\express\\lib\\router\\route.js:119:3)\n    at Layer.handle [as handle_request] (C:\\Users\\M. Devika Rani\\Desktop\\Citizen-Grievance-System\\backend\\node_modules\\express\\lib\\router\\layer.js:95:5)\n    at C:\\Users\\M. Devika Rani\\Desktop\\Citizen-Grievance-System\\backend\\node_modules\\express\\lib\\router\\index.js:284:15\n    at router.process_params (C:\\Users\\M. Devika Rani\\Desktop\\Citizen-Grievance-System\\backend\\node_modules\\express\\lib\\router\\index.js:346:12)\n    at next (C:\\Users\\M. Devika Rani\\Desktop\\Citizen-Grievance-System\\backend\\node_modules\\express\\lib\\router\\index.js:280:10)\n    at router.handle (C:\\Users\\M. Devika Rani\\Desktop\\Citizen-Grievance-System\\backend\\node_modules\\express\\lib\\router\\index.js:175:3)","method":"GET","service":"citizen-grievance-backend","statusCode":401,"timestamp":"2026-05-25 23:31:34","url":"/api/dashboard/stats"}
{"ip":"::1","level":"warn","message":"GET /api/dashboard/stats 401 14ms","method":"GET","responseTimeMs":14,"service":"citizen-grievance-backend","statusCode":401,"timestamp":"2026-05-25 23:31:34","url":"/api/dashboard/stats"}
{"ip":"::1","level":"warn","message":"Unauthorized attempt: token missing","method":"GET","service":"citizen-grievance-backend","timestamp":"2026-05-25 23:31:34","url":"/api/complaints"}
{"ip":"::1","level":"error","message":"Error: Not authorized, token missing\n    at C:\\Users\\M. Devika Rani\\Desktop\\Citizen-Grievance-System\\backend\\src\\middleware\\authMiddleware.js:20:11\n    at C:\\Users\\M. Devika Rani\\Desktop\\Citizen-Grievance-System\\backend\\src\\utils\\asyncHandler.js:7:21\n    at Layer.handle [as handle_request] (C:\\Users\\M. Devika Rani\\Desktop\\Citizen-Grievance-System\\backend\\node_modules\\express\\lib\\router\\layer.js:95:5)\n    at trim_prefix (C:\\Users\\M. Devika Rani\\Desktop\\Citizen-Grievance-System\\backend\\node_modules\\express\\lib\\router\\index.js:328:13)\n    at C:\\Users\\M. Devika Rani\\Desktop\\Citizen-Grievance-System\\backend\\node_modules\\express\\lib\\router\\index.js:286:9\n    at router.process_params (C:\\Users\\M. Devika Rani\\Desktop\\Citizen-Grievance-System\\backend\\node_modules\\express\\lib\\router\\index.js:346:12)\n    at next (C:\\Users\\M. Devika Rani\\Desktop\\Citizen-Grievance-System\\backend\\node_modules\\express\\lib\\router\\index.js:280:10)\n    at router.handle (C:\\Users\\M. Devika Rani\\Desktop\\Citizen-Grievance-System\\backend\\node_modules\\express\\lib\\router\\index.js:175:3)\n    at router (C:\\Users\\M. Devika Rani\\Desktop\\Citizen-Grievance-System\\backend\\node_modules\\express\\lib\\router\\index.js:47:12)\n    at Layer.handle [as handle_request] (C:\\Users\\M. Devika Rani\\Desktop\\Citizen-Grievance-System\\backend\\node_modules\\express\\lib\\router\\layer.js:95:5)","method":"GET","service":"citizen-grievance-backend","statusCode":401,"timestamp":"2026-05-25 23:31:34","url":"/api/complaints"}
{"ip":"::1","level":"warn","message":"GET /api/complaints 401 32ms","method":"GET","responseTimeMs":32,"service":"citizen-grievance-backend","statusCode":401,"timestamp":"2026-05-25 23:31:34","url":"/api/complaints"}
{"ip":"::1","level":"warn","message":"Unauthorized attempt: token missing","method":"GET","service":"citizen-grievance-backend","timestamp":"2026-05-25 23:31:34","url":"/api/dashboard/stats"}
{"ip":"::1","level":"error","message":"Error: Not authorized, token missing\n    at C:\\Users\\M. Devika Rani\\Desktop\\Citizen-Grievance-System\\backend\\src\\middleware\\authMiddleware.js:20:11\n    at C:\\Users\\M. Devika Rani\\Desktop\\Citizen-Grievance-System\\backend\\src\\utils\\asyncHandler.js:7:21\n    at Layer.handle [as handle_request] (C:\\Users\\M. Devika Rani\\Desktop\\Citizen-Grievance-System\\backend\\node_modules\\express\\lib\\router\\layer.js:95:5)\n    at next (C:\\Users\\M. Devika Rani\\Desktop\\Citizen-Grievance-System\\backend\\node_modules\\express\\lib\\router\\route.js:149:13)\n    at Route.dispatch (C:\\Users\\M. Devika Rani\\Desktop\\Citizen-Grievance-System\\backend\\node_modules\\express\\lib\\router\\route.js:119:3)\n    at Layer.handle [as handle_request] (C:\\Users\\M. Devika Rani\\Desktop\\Citizen-Grievance-System\\backend\\node_modules\\express\\lib\\router\\layer.js:95:5)\n    at C:\\Users\\M. Devika Rani\\Desktop\\Citizen-Grievance-System\\backend\\node_modules\\express\\lib\\router\\index.js:284:15\n    at router.process_params (C:\\Users\\M. Devika Rani\\Desktop\\Citizen-Grievance-System\\backend\\node_modules\\express\\lib\\router\\index.js:346:12)\n    at next (C:\\Users\\M. Devika Rani\\Desktop\\Citizen-Grievance-System\\backend\\node_modules\\express\\lib\\router\\index.js:280:10)\n    at router.handle (C:\\Users\\M. Devika Rani\\Desktop\\Citizen-Grievance-System\\backend\\node_modules\\express\\lib\\router\\index.js:175:3)","method":"GET","service":"citizen-grievance-backend","statusCode":401,"timestamp":"2026-05-25 23:31:34","url":"/api/dashboard/stats"}
{"ip":"::1","level":"warn","message":"GET /api/dashboard/stats 401 6ms","method":"GET","responseTimeMs":6,"service":"citizen-grievance-backend","statusCode":401,"timestamp":"2026-05-25 23:31:34","url":"/api/dashboard/stats"}
{"ip":"::1","level":"info","message":"GET /api/updates/live 200 28ms","method":"GET","responseTimeMs":28,"service":"citizen-grievance-backend","statusCode":200,"timestamp":"2026-05-25 23:31:35","url":"/api/updates/live"}
{"ip":"::1","level":"info","message":"GET /api/updates/live 200 16ms","method":"GET","responseTimeMs":16,"service":"citizen-grievance-backend","statusCode":200,"timestamp":"2026-05-25 23:31:39","url":"/api/updates/live"}
{"ip":"::1","level":"info","message":"GET /api/updates/live 200 27ms","method":"GET","responseTimeMs":27,"service":"citizen-grievance-backend","statusCode":200,"timestamp":"2026-05-25 23:31:43","url":"/api/updates/live"}
{"ip":"::1","level":"info","message":"GET /api/updates/live 200 13ms","method":"GET","responseTimeMs":13,"service":"citizen-grievance-backend","statusCode":200,"timestamp":"2026-05-25 23:31:47","url":"/api/updates/live"}
{"ip":"::1","level":"info","message":"GET /api/updates/live 200 14ms","method":"GET","responseTimeMs":14,"service":"citizen-grievance-backend","statusCode":200,"timestamp":"2026-05-25 23:31:51","url":"/api/updates/live"}
{"ip":"::1","level":"info","message":"GET /api/updates/live 200 8ms","method":"GET","responseTimeMs":8,"service":"citizen-grievance-backend","statusCode":200,"timestamp":"2026-05-25 23:31:55","url":"/api/updates/live"}
{"ip":"::1","level":"info","message":"GET /api/updates/live 200 17ms","method":"GET","responseTimeMs":17,"service":"citizen-grievance-backend","statusCode":200,"timestamp":"2026-05-25 23:31:59","url":"/api/updates/live"}
{"ip":"::1","level":"info","message":"GET /api/updates/live 200 11ms","method":"GET","responseTimeMs":11,"service":"citizen-grievance-backend","statusCode":200,"timestamp":"2026-05-25 23:32:03","url":"/api/updates/live"}
{"ip":"::1","level":"info","message":"GET /api/updates/live 200 8ms","method":"GET","responseTimeMs":8,"service":"citizen-grievance-backend","statusCode":200,"timestamp":"2026-05-25 23:32:07","url":"/api/updates/live"}
{"ip":"::1","level":"info","message":"GET /api/updates/live 200 14ms","method":"GET","responseTimeMs":14,"service":"citizen-grievance-backend","statusCode":200,"timestamp":"2026-05-25 23:32:11","url":"/api/updates/live"}
{"ip":"::1","level":"info","message":"GET /api/updates/live 200 10ms","method":"GET","responseTimeMs":10,"service":"citizen-grievance-backend","statusCode":200,"timestamp":"2026-05-25 23:32:15","url":"/api/updates/live"}
{"ip":"::1","level":"info","message":"GET /api/updates/live 200 21ms","method":"GET","responseTimeMs":21,"service":"citizen-grievance-backend","statusCode":200,"timestamp":"2026-05-25 23:32:19","url":"/api/updates/live"}
{"ip":"::1","level":"info","message":"GET /api/updates/live 200 18ms","method":"GET","responseTimeMs":18,"service":"citizen-grievance-backend","statusCode":200,"timestamp":"2026-05-25 23:32:23","url":"/api/updates/live"}
{"ip":"::1","level":"info","message":"GET /api/updates/live 200 9ms","method":"GET","responseTimeMs":9,"service":"citizen-grievance-backend","statusCode":200,"timestamp":"2026-05-25 23:32:27","url":"/api/updates/live"}
{"ip":"::1","level":"info","message":"GET /api/updates/live 200 8ms","method":"GET","responseTimeMs":8,"service":"citizen-grievance-backend","statusCode":200,"timestamp":"2026-05-25 23:32:31","url":"/api/updates/live"}
{"ip":"::1","level":"info","message":"GET /api/updates/live 200 13ms","method":"GET","responseTimeMs":13,"service":"citizen-grievance-backend","statusCode":200,"timestamp":"2026-05-25 23:32:35","url":"/api/updates/live"}
{"ip":"::1","level":"info","message":"GET /api/updates/live 200 15ms","method":"GET","responseTimeMs":15,"service":"citizen-grievance-backend","statusCode":200,"timestamp":"2026-05-25 23:32:39","url":"/api/updates/live"}
{"ip":"::1","level":"info","message":"GET /api/updates/live 200 12ms","method":"GET","responseTimeMs":12,"service":"citizen-grievance-backend","statusCode":200,"timestamp":"2026-05-25 23:32:43","url":"/api/updates/live"}
{"ip":"::1","level":"info","message":"GET /api/updates/live 200 18ms","method":"GET","responseTimeMs":18,"service":"citizen-grievance-backend","statusCode":200,"timestamp":"2026-05-25 23:32:54","url":"/api/updates/live"}
{"ip":"::1","level":"info","message":"GET /api/updates/live 200 15ms","method":"GET","responseTimeMs":15,"service":"citizen-grievance-backend","statusCode":200,"timestamp":"2026-05-25 23:32:55","url":"/api/updates/live"}
{"ip":"::1","level":"info","message":"GET /api/updates/live 200 17ms","method":"GET","responseTimeMs":17,"service":"citizen-grievance-backend","statusCode":200,"timestamp":"2026-05-25 23:32:59","url":"/api/updates/live"}
{"ip":"::1","level":"info","message":"GET /api/updates/live 200 18ms","method":"GET","responseTimeMs":18,"service":"citizen-grievance-backend","statusCode":200,"timestamp":"2026-05-25 23:33:03","url":"/api/updates/live"}
{"ip":"::1","level":"info","message":"GET /api/updates/live 200 11ms","method":"GET","responseTimeMs":11,"service":"citizen-grievance-backend","statusCode":200,"timestamp":"2026-05-25 23:33:07","url":"/api/updates/live"}
{"ip":"::1","level":"info","message":"GET /api/updates/live 200 15ms","method":"GET","responseTimeMs":15,"service":"citizen-grievance-backend","statusCode":200,"timestamp":"2026-05-25 23:33:11","url":"/api/updates/live"}
{"ip":"::1","level":"info","message":"GET /api/updates/live 200 16ms","method":"GET","responseTimeMs":16,"service":"citizen-grievance-backend","statusCode":200,"timestamp":"2026-05-25 23:33:15","url":"/api/updates/live"}
{"ip":"::1","level":"info","message":"GET /api/updates/live 200 11ms","method":"GET","responseTimeMs":11,"service":"citizen-grievance-backend","statusCode":200,"timestamp":"2026-05-25 23:33:19","url":"/api/updates/live"}
{"ip":"::1","level":"info","message":"GET /api/updates/live 200 6ms","method":"GET","responseTimeMs":6,"service":"citizen-grievance-backend","statusCode":200,"timestamp":"2026-05-25 23:33:23","url":"/api/updates/live"}
{"ip":"::1","level":"info","message":"GET /api/updates/live 200 12ms","method":"GET","responseTimeMs":12,"service":"citizen-grievance-backend","statusCode":200,"timestamp":"2026-05-25 23:33:27","url":"/api/updates/live"}
{"ip":"::1","level":"info","message":"GET /api/updates/live 200 15ms","method":"GET","responseTimeMs":15,"service":"citizen-grievance-backend","statusCode":200,"timestamp":"2026-05-25 23:33:31","url":"/api/updates/live"}
{"ip":"::1","level":"info","message":"GET /api/updates/live 200 14ms","method":"GET","responseTimeMs":14,"service":"citizen-grievance-backend","statusCode":200,"timestamp":"2026-05-25 23:33:35","url":"/api/updates/live"}
{"ip":"::1","level":"info","message":"GET /api/updates/live 200 15ms","method":"GET","responseTimeMs":15,"service":"citizen-grievance-backend","statusCode":200,"timestamp":"2026-05-25 23:33:39","url":"/api/updates/live"}
{"ip":"::1","level":"info","message":"GET /api/updates/live 200 13ms","method":"GET","responseTimeMs":13,"service":"citizen-grievance-backend","statusCode":200,"timestamp":"2026-05-25 23:33:43","url":"/api/updates/live"}
{"ip":"::1","level":"warn","message":"Unauthorized attempt: token missing","method":"GET","service":"citizen-grievance-backend","timestamp":"2026-05-25 23:33:46","url":"/api/dashboard/stats"}
{"ip":"::1","level":"error","message":"Error: Not authorized, token missing\n    at C:\\Users\\M. Devika Rani\\Desktop\\Citizen-Grievance-System\\backend\\src\\middleware\\authMiddleware.js:20:11\n    at C:\\Users\\M. Devika Rani\\Desktop\\Citizen-Grievance-System\\backend\\src\\utils\\asyncHandler.js:7:21\n    at Layer.handle [as handle_request] (C:\\Users\\M. Devika Rani\\Desktop\\Citizen-Grievance-System\\backend\\node_modules\\express\\lib\\router\\layer.js:95:5)\n    at next (C:\\Users\\M. Devika Rani\\Desktop\\Citizen-Grievance-System\\backend\\node_modules\\express\\lib\\router\\route.js:149:13)\n    at Route.dispatch (C:\\Users\\M. Devika Rani\\Desktop\\Citizen-Grievance-System\\backend\\node_modules\\express\\lib\\router\\route.js:119:3)\n    at Layer.handle [as handle_request] (C:\\Users\\M. Devika Rani\\Desktop\\Citizen-Grievance-System\\backend\\node_modules\\express\\lib\\router\\layer.js:95:5)\n    at C:\\Users\\M. Devika Rani\\Desktop\\Citizen-Grievance-System\\backend\\node_modules\\express\\lib\\router\\index.js:284:15\n    at router.process_params (C:\\Users\\M. Devika Rani\\Desktop\\Citizen-Grievance-System\\backend\\node_modules\\express\\lib\\router\\index.js:346:12)\n    at next (C:\\Users\\M. Devika Rani\\Desktop\\Citizen-Grievance-System\\backend\\node_modules\\express\\lib\\router\\index.js:280:10)\n    at router.handle (C:\\Users\\M. Devika Rani\\Desktop\\Citizen-Grievance-System\\backend\\node_modules\\express\\lib\\router\\index.js:175:3)","method":"GET","service":"citizen-grievance-backend","statusCode":401,"timestamp":"2026-05-25 23:33:46","url":"/api/dashboard/stats"}
{"ip":"::1","level":"warn","message":"GET /api/dashboard/stats 401 6ms","method":"GET","responseTimeMs":6,"service":"citizen-grievance-backend","statusCode":401,"timestamp":"2026-05-25 23:33:46","url":"/api/dashboard/stats"}
{"ip":"::1","level":"warn","message":"Unauthorized attempt: token missing","method":"GET","service":"citizen-grievance-backend","timestamp":"2026-05-25 23:33:46","url":"/api/dashboard/stats"}
{"ip":"::1","level":"warn","message":"Unauthorized attempt: token missing","method":"GET","service":"citizen-grievance-backend","timestamp":"2026-05-25 23:33:46","url":"/api/complaints"}
{"ip":"::1","level":"error","message":"Error: Not authorized, token missing\n    at C:\\Users\\M. Devika Rani\\Desktop\\Citizen-Grievance-System\\backend\\src\\middleware\\authMiddleware.js:20:11\n    at C:\\Users\\M. Devika Rani\\Desktop\\Citizen-Grievance-System\\backend\\src\\utils\\asyncHandler.js:7:21\n    at Layer.handle [as handle_request] (C:\\Users\\M. Devika Rani\\Desktop\\Citizen-Grievance-System\\backend\\node_modules\\express\\lib\\router\\layer.js:95:5)\n    at trim_prefix (C:\\Users\\M. Devika Rani\\Desktop\\Citizen-Grievance-System\\backend\\node_modules\\express\\lib\\router\\index.js:328:13)\n    at C:\\Users\\M. Devika Rani\\Desktop\\Citizen-Grievance-System\\backend\\node_modules\\express\\lib\\router\\index.js:286:9\n    at router.process_params (C:\\Users\\M. Devika Rani\\Desktop\\Citizen-Grievance-System\\backend\\node_modules\\express\\lib\\router\\index.js:346:12)\n    at next (C:\\Users\\M. Devika Rani\\Desktop\\Citizen-Grievance-System\\backend\\node_modules\\express\\lib\\router\\index.js:280:10)\n    at router.handle (C:\\Users\\M. Devika Rani\\Desktop\\Citizen-Grievance-System\\backend\\node_modules\\express\\lib\\router\\index.js:175:3)\n    at router (C:\\Users\\M. Devika Rani\\Desktop\\Citizen-Grievance-System\\backend\\node_modules\\express\\lib\\router\\index.js:47:12)\n    at Layer.handle [as handle_request] (C:\\Users\\M. Devika Rani\\Desktop\\Citizen-Grievance-System\\backend\\node_modules\\express\\lib\\router\\layer.js:95:5)","method":"GET","service":"citizen-grievance-backend","statusCode":401,"timestamp":"2026-05-25 23:33:46","url":"/api/complaints"}
{"ip":"::1","level":"warn","message":"GET /api/complaints 401 1ms","method":"GET","responseTimeMs":1,"service":"citizen-grievance-backend","statusCode":401,"timestamp":"2026-05-25 23:33:46","url":"/api/complaints"}
{"ip":"::1","level":"error","message":"Error: Not authorized, token missing\n    at C:\\Users\\M. Devika Rani\\Desktop\\Citizen-Grievance-System\\backend\\src\\middleware\\authMiddleware.js:20:11\n    at C:\\Users\\M. Devika Rani\\Desktop\\Citizen-Grievance-System\\backend\\src\\utils\\asyncHandler.js:7:21\n    at Layer.handle [as handle_request] (C:\\Users\\M. Devika Rani\\Desktop\\Citizen-Grievance-System\\backend\\node_modules\\express\\lib\\router\\layer.js:95:5)\n    at next (C:\\Users\\M. Devika Rani\\Desktop\\Citizen-Grievance-System\\backend\\node_modules\\express\\lib\\router\\route.js:149:13)\n    at Route.dispatch (C:\\Users\\M. Devika Rani\\Desktop\\Citizen-Grievance-System\\backend\\node_modules\\express\\lib\\router\\route.js:119:3)\n    at Layer.handle [as handle_request] (C:\\Users\\M. Devika Rani\\Desktop\\Citizen-Grievance-System\\backend\\node_modules\\express\\lib\\router\\layer.js:95:5)\n    at C:\\Users\\M. Devika Rani\\Desktop\\Citizen-Grievance-System\\backend\\node_modules\\express\\lib\\router\\index.js:284:15\n    at router.process_params (C:\\Users\\M. Devika Rani\\Desktop\\Citizen-Grievance-System\\backend\\node_modules\\express\\lib\\router\\index.js:346:12)\n    at next (C:\\Users\\M. Devika Rani\\Desktop\\Citizen-Grievance-System\\backend\\node_modules\\express\\lib\\router\\index.js:280:10)\n    at router.handle (C:\\Users\\M. Devika Rani\\Desktop\\Citizen-Grievance-System\\backend\\node_modules\\express\\lib\\router\\index.js:175:3)","method":"GET","service":"citizen-grievance-backend","statusCode":401,"timestamp":"2026-05-25 23:33:46","url":"/api/dashboard/stats"}
{"ip":"::1","level":"warn","message":"GET /api/dashboard/stats 401 4ms","method":"GET","responseTimeMs":4,"service":"citizen-grievance-backend","statusCode":401,"timestamp":"2026-05-25 23:33:46","url":"/api/dashboard/stats"}
{"ip":"::1","level":"info","message":"GET /api/governance/timeline 304 26ms","method":"GET","responseTimeMs":26,"service":"citizen-grievance-backend","statusCode":304,"timestamp":"2026-05-25 23:33:46","url":"/api/governance/timeline"}
{"ip":"::1","level":"info","message":"GET /api/departments 304 14ms","method":"GET","responseTimeMs":14,"service":"citizen-grievance-backend","statusCode":304,"timestamp":"2026-05-25 23:33:46","url":"/api/departments"}
{"ip":"::1","level":"warn","message":"Unauthorized attempt: token missing","method":"GET","service":"citizen-grievance-backend","timestamp":"2026-05-25 23:33:46","url":"/api/dashboard/stats"}
{"ip":"::1","level":"error","message":"Error: Not authorized, token missing\n    at C:\\Users\\M. Devika Rani\\Desktop\\Citizen-Grievance-System\\backend\\src\\middleware\\authMiddleware.js:20:11\n    at C:\\Users\\M. Devika Rani\\Desktop\\Citizen-Grievance-System\\backend\\src\\utils\\asyncHandler.js:7:21\n    at Layer.handle [as handle_request] (C:\\Users\\M. Devika Rani\\Desktop\\Citizen-Grievance-System\\backend\\node_modules\\express\\lib\\router\\layer.js:95:5)\n    at next (C:\\Users\\M. Devika Rani\\Desktop\\Citizen-Grievance-System\\backend\\node_modules\\express\\lib\\router\\route.js:149:13)\n    at Route.dispatch (C:\\Users\\M. Devika Rani\\Desktop\\Citizen-Grievance-System\\backend\\node_modules\\express\\lib\\router\\route.js:119:3)\n    at Layer.handle [as handle_request] (C:\\Users\\M. Devika Rani\\Desktop\\Citizen-Grievance-System\\backend\\node_modules\\express\\lib\\router\\layer.js:95:5)\n    at C:\\Users\\M. Devika Rani\\Desktop\\Citizen-Grievance-System\\backend\\node_modules\\express\\lib\\router\\index.js:284:15\n    at router.process_params (C:\\Users\\M. Devika Rani\\Desktop\\Citizen-Grievance-System\\backend\\node_modules\\express\\lib\\router\\index.js:346:12)\n    at next (C:\\Users\\M. Devika Rani\\Desktop\\Citizen-Grievance-System\\backend\\node_modules\\express\\lib\\router\\index.js:280:10)\n    at router.handle (C:\\Users\\M. Devika Rani\\Desktop\\Citizen-Grievance-System\\backend\\node_modules\\express\\lib\\router\\index.js:175:3)","method":"GET","service":"citizen-grievance-backend","statusCode":401,"timestamp":"2026-05-25 23:33:46","url":"/api/dashboard/stats"}
{"ip":"::1","level":"warn","message":"GET /api/dashboard/stats 401 3ms","method":"GET","responseTimeMs":3,"service":"citizen-grievance-backend","statusCode":401,"timestamp":"2026-05-25 23:33:46","url":"/api/dashboard/stats"}
{"ip":"::1","level":"info","message":"GET /api/updates/live 200 11ms","method":"GET","responseTimeMs":11,"service":"citizen-grievance-backend","statusCode":200,"timestamp":"2026-05-25 23:33:46","url":"/api/updates/live"}
{"ip":"::1","level":"info","message":"GET /api/updates/live 200 15ms","method":"GET","responseTimeMs":15,"service":"citizen-grievance-backend","statusCode":200,"timestamp":"2026-05-25 23:33:47","url":"/api/updates/live"}
{"ip":"::1","level":"warn","message":"Unauthorized attempt: token missing","method":"GET","service":"citizen-grievance-backend","timestamp":"2026-05-25 23:33:47","url":"/api/dashboard/stats"}
{"ip":"::1","level":"error","message":"Error: Not authorized, token missing\n    at C:\\Users\\M. Devika Rani\\Desktop\\Citizen-Grievance-System\\backend\\src\\middleware\\authMiddleware.js:20:11\n    at C:\\Users\\M. Devika Rani\\Desktop\\Citizen-Grievance-System\\backend\\src\\utils\\asyncHandler.js:7:21\n    at Layer.handle [as handle_request] (C:\\Users\\M. Devika Rani\\Desktop\\Citizen-Grievance-System\\backend\\node_modules\\express\\lib\\router\\layer.js:95:5)\n    at next (C:\\Users\\M. Devika Rani\\Desktop\\Citizen-Grievance-System\\backend\\node_modules\\express\\lib\\router\\route.js:149:13)\n    at Route.dispatch (C:\\Users\\M. Devika Rani\\Desktop\\Citizen-Grievance-System\\backend\\node_modules\\express\\lib\\router\\route.js:119:3)\n    at Layer.handle [as handle_request] (C:\\Users\\M. Devika Rani\\Desktop\\Citizen-Grievance-System\\backend\\node_modules\\express\\lib\\router\\layer.js:95:5)\n    at C:\\Users\\M. Devika Rani\\Desktop\\Citizen-Grievance-System\\backend\\node_modules\\express\\lib\\router\\index.js:284:15\n    at router.process_params (C:\\Users\\M. Devika Rani\\Desktop\\Citizen-Grievance-System\\backend\\node_modules\\express\\lib\\router\\index.js:346:12)\n    at next (C:\\Users\\M. Devika Rani\\Desktop\\Citizen-Grievance-System\\backend\\node_modules\\express\\lib\\router\\index.js:280:10)\n    at router.handle (C:\\Users\\M. Devika Rani\\Desktop\\Citizen-Grievance-System\\backend\\node_modules\\express\\lib\\router\\index.js:175:3)","method":"GET","service":"citizen-grievance-backend","statusCode":401,"timestamp":"2026-05-25 23:33:47","url":"/api/dashboard/stats"}
{"ip":"::1","level":"warn","message":"GET /api/dashboard/stats 401 2ms","method":"GET","responseTimeMs":2,"service":"citizen-grievance-backend","statusCode":401,"timestamp":"2026-05-25 23:33:47","url":"/api/dashboard/stats"}
{"ip":"::1","level":"warn","message":"Unauthorized attempt: token missing","method":"GET","service":"citizen-grievance-backend","timestamp":"2026-05-25 23:33:47","url":"/api/complaints"}
{"ip":"::1","level":"error","message":"Error: Not authorized, token missing\n    at C:\\Users\\M. Devika Rani\\Desktop\\Citizen-Grievance-System\\backend\\src\\middleware\\authMiddleware.js:20:11\n    at C:\\Users\\M. Devika Rani\\Desktop\\Citizen-Grievance-System\\backend\\src\\utils\\asyncHandler.js:7:21\n    at Layer.handle [as handle_request] (C:\\Users\\M. Devika Rani\\Desktop\\Citizen-Grievance-System\\backend\\node_modules\\express\\lib\\router\\layer.js:95:5)\n    at trim_prefix (C:\\Users\\M. Devika Rani\\Desktop\\Citizen-Grievance-System\\backend\\node_modules\\express\\lib\\router\\index.js:328:13)\n    at C:\\Users\\M. Devika Rani\\Desktop\\Citizen-Grievance-System\\backend\\node_modules\\express\\lib\\router\\index.js:286:9\n    at router.process_params (C:\\Users\\M. Devika Rani\\Desktop\\Citizen-Grievance-System\\backend\\node_modules\\express\\lib\\router\\index.js:346:12)\n    at next (C:\\Users\\M. Devika Rani\\Desktop\\Citizen-Grievance-System\\backend\\node_modules\\express\\lib\\router\\index.js:280:10)\n    at router.handle (C:\\Users\\M. Devika Rani\\Desktop\\Citizen-Grievance-System\\backend\\node_modules\\express\\lib\\router\\index.js:175:3)\n    at router (C:\\Users\\M. Devika Rani\\Desktop\\Citizen-Grievance-System\\backend\\node_modules\\express\\lib\\router\\index.js:47:12)\n    at Layer.handle [as handle_request] (C:\\Users\\M. Devika Rani\\Desktop\\Citizen-Grievance-System\\backend\\node_modules\\express\\lib\\router\\layer.js:95:5)","method":"GET","service":"citizen-grievance-backend","statusCode":401,"timestamp":"2026-05-25 23:33:47","url":"/api/complaints"}
{"ip":"::1","level":"warn","message":"GET /api/complaints 401 2ms","method":"GET","responseTimeMs":2,"service":"citizen-grievance-backend","statusCode":401,"timestamp":"2026-05-25 23:33:47","url":"/api/complaints"}
{"ip":"::1","level":"warn","message":"Unauthorized attempt: token missing","method":"GET","service":"citizen-grievance-backend","timestamp":"2026-05-25 23:33:47","url":"/api/dashboard/stats"}
{"ip":"::1","level":"error","message":"Error: Not authorized, token missing\n    at C:\\Users\\M. Devika Rani\\Desktop\\Citizen-Grievance-System\\backend\\src\\middleware\\authMiddleware.js:20:11\n    at C:\\Users\\M. Devika Rani\\Desktop\\Citizen-Grievance-System\\backend\\src\\utils\\asyncHandler.js:7:21\n    at Layer.handle [as handle_request] (C:\\Users\\M. Devika Rani\\Desktop\\Citizen-Grievance-System\\backend\\node_modules\\express\\lib\\router\\layer.js:95:5)\n    at next (C:\\Users\\M. Devika Rani\\Desktop\\Citizen-Grievance-System\\backend\\node_modules\\express\\lib\\router\\route.js:149:13)\n    at Route.dispatch (C:\\Users\\M. Devika Rani\\Desktop\\Citizen-Grievance-System\\backend\\node_modules\\express\\lib\\router\\route.js:119:3)\n    at Layer.handle [as handle_request] (C:\\Users\\M. Devika Rani\\Desktop\\Citizen-Grievance-System\\backend\\node_modules\\express\\lib\\router\\layer.js:95:5)\n    at C:\\Users\\M. Devika Rani\\Desktop\\Citizen-Grievance-System\\backend\\node_modules\\express\\lib\\router\\index.js:284:15\n    at router.process_params (C:\\Users\\M. Devika Rani\\Desktop\\Citizen-Grievance-System\\backend\\node_modules\\express\\lib\\router\\index.js:346:12)\n    at next (C:\\Users\\M. Devika Rani\\Desktop\\Citizen-Grievance-System\\backend\\node_modules\\express\\lib\\router\\index.js:280:10)\n    at router.handle (C:\\Users\\M. Devika Rani\\Desktop\\Citizen-Grievance-System\\backend\\node_modules\\express\\lib\\router\\index.js:175:3)","method":"GET","service":"citizen-grievance-backend","statusCode":401,"timestamp":"2026-05-25 23:33:47","url":"/api/dashboard/stats"}
{"ip":"::1","level":"warn","message":"GET /api/dashboard/stats 401 5ms","method":"GET","responseTimeMs":5,"service":"citizen-grievance-backend","statusCode":401,"timestamp":"2026-05-25 23:33:47","url":"/api/dashboard/stats"}
{"ip":"::1","level":"warn","message":"Unauthorized attempt: token missing","method":"GET","service":"citizen-grievance-backend","timestamp":"2026-05-25 23:33:47","url":"/api/dashboard/stats"}
{"ip":"::1","level":"error","message":"Error: Not authorized, token missing\n    at C:\\Users\\M. Devika Rani\\Desktop\\Citizen-Grievance-System\\backend\\src\\middleware\\authMiddleware.js:20:11\n    at C:\\Users\\M. Devika Rani\\Desktop\\Citizen-Grievance-System\\backend\\src\\utils\\asyncHandler.js:7:21\n    at Layer.handle [as handle_request] (C:\\Users\\M. Devika Rani\\Desktop\\Citizen-Grievance-System\\backend\\node_modules\\express\\lib\\router\\layer.js:95:5)\n    at next (C:\\Users\\M. Devika Rani\\Desktop\\Citizen-Grievance-System\\backend\\node_modules\\express\\lib\\router\\route.js:149:13)\n    at Route.dispatch (C:\\Users\\M. Devika Rani\\Desktop\\Citizen-Grievance-System\\backend\\node_modules\\express\\lib\\router\\route.js:119:3)\n    at Layer.handle [as handle_request] (C:\\Users\\M. Devika Rani\\Desktop\\Citizen-Grievance-System\\backend\\node_modules\\express\\lib\\router\\layer.js:95:5)\n    at C:\\Users\\M. Devika Rani\\Desktop\\Citizen-Grievance-System\\backend\\node_modules\\express\\lib\\router\\index.js:284:15\n    at router.process_params (C:\\Users\\M. Devika Rani\\Desktop\\Citizen-Grievance-System\\backend\\node_modules\\express\\lib\\router\\index.js:346:12)\n    at next (C:\\Users\\M. Devika Rani\\Desktop\\Citizen-Grievance-System\\backend\\node_modules\\express\\lib\\router\\index.js:280:10)\n    at router.handle (C:\\Users\\M. Devika Rani\\Desktop\\Citizen-Grievance-System\\backend\\node_modules\\express\\lib\\router\\index.js:175:3)","method":"GET","service":"citizen-grievance-backend","statusCode":401,"timestamp":"2026-05-25 23:33:47","url":"/api/dashboard/stats"}
{"ip":"::1","level":"warn","message":"GET /api/dashboard/stats 401 3ms","method":"GET","responseTimeMs":3,"service":"citizen-grievance-backend","statusCode":401,"timestamp":"2026-05-25 23:33:47","url":"/api/dashboard/stats"}
{"ip":"::1","level":"warn","message":"Unauthorized attempt: token missing","method":"GET","service":"citizen-grievance-backend","timestamp":"2026-05-25 23:33:49","url":"/api/dashboard/stats"}
{"ip":"::1","level":"error","message":"Error: Not authorized, token missing\n    at C:\\Users\\M. Devika Rani\\Desktop\\Citizen-Grievance-System\\backend\\src\\middleware\\authMiddleware.js:20:11\n    at C:\\Users\\M. Devika Rani\\Desktop\\Citizen-Grievance-System\\backend\\src\\utils\\asyncHandler.js:7:21\n    at Layer.handle [as handle_request] (C:\\Users\\M. Devika Rani\\Desktop\\Citizen-Grievance-System\\backend\\node_modules\\express\\lib\\router\\layer.js:95:5)\n    at next (C:\\Users\\M. Devika Rani\\Desktop\\Citizen-Grievance-System\\backend\\node_modules\\express\\lib\\router\\route.js:149:13)\n    at Route.dispatch (C:\\Users\\M. Devika Rani\\Desktop\\Citizen-Grievance-System\\backend\\node_modules\\express\\lib\\router\\route.js:119:3)\n    at Layer.handle [as handle_request] (C:\\Users\\M. Devika Rani\\Desktop\\Citizen-Grievance-System\\backend\\node_modules\\express\\lib\\router\\layer.js:95:5)\n    at C:\\Users\\M. Devika Rani\\Desktop\\Citizen-Grievance-System\\backend\\node_modules\\express\\lib\\router\\index.js:284:15\n    at router.process_params (C:\\Users\\M. Devika Rani\\Desktop\\Citizen-Grievance-System\\backend\\node_modules\\express\\lib\\router\\index.js:346:12)\n    at next (C:\\Users\\M. Devika Rani\\Desktop\\Citizen-Grievance-System\\backend\\node_modules\\express\\lib\\router\\index.js:280:10)\n    at router.handle (C:\\Users\\M. Devika Rani\\Desktop\\Citizen-Grievance-System\\backend\\node_modules\\express\\lib\\router\\index.js:175:3)","method":"GET","service":"citizen-grievance-backend","statusCode":401,"timestamp":"2026-05-25 23:33:49","url":"/api/dashboard/stats"}
{"ip":"::1","level":"warn","message":"GET /api/dashboard/stats 401 2ms","method":"GET","responseTimeMs":2,"service":"citizen-grievance-backend","statusCode":401,"timestamp":"2026-05-25 23:33:49","url":"/api/dashboard/stats"}
{"ip":"::1","level":"warn","message":"Unauthorized attempt: token missing","method":"GET","service":"citizen-grievance-backend","timestamp":"2026-05-25 23:33:49","url":"/api/complaints"}
{"ip":"::1","level":"error","message":"Error: Not authorized, token missing\n    at C:\\Users\\M. Devika Rani\\Desktop\\Citizen-Grievance-System\\backend\\src\\middleware\\authMiddleware.js:20:11\n    at C:\\Users\\M. Devika Rani\\Desktop\\Citizen-Grievance-System\\backend\\src\\utils\\asyncHandler.js:7:21\n    at Layer.handle [as handle_request] (C:\\Users\\M. Devika Rani\\Desktop\\Citizen-Grievance-System\\backend\\node_modules\\express\\lib\\router\\layer.js:95:5)\n    at trim_prefix (C:\\Users\\M. Devika Rani\\Desktop\\Citizen-Grievance-System\\backend\\node_modules\\express\\lib\\router\\index.js:328:13)\n    at C:\\Users\\M. Devika Rani\\Desktop\\Citizen-Grievance-System\\backend\\node_modules\\express\\lib\\router\\index.js:286:9\n    at router.process_params (C:\\Users\\M. Devika Rani\\Desktop\\Citizen-Grievance-System\\backend\\node_modules\\express\\lib\\router\\index.js:346:12)\n    at next (C:\\Users\\M. Devika Rani\\Desktop\\Citizen-Grievance-System\\backend\\node_modules\\express\\lib\\router\\index.js:280:10)\n    at router.handle (C:\\Users\\M. Devika Rani\\Desktop\\Citizen-Grievance-System\\backend\\node_modules\\express\\lib\\router\\index.js:175:3)\n    at router (C:\\Users\\M. Devika Rani\\Desktop\\Citizen-Grievance-System\\backend\\node_modules\\express\\lib\\router\\index.js:47:12)\n    at Layer.handle [as handle_request] (C:\\Users\\M. Devika Rani\\Desktop\\Citizen-Grievance-System\\backend\\node_modules\\express\\lib\\router\\layer.js:95:5)","method":"GET","service":"citizen-grievance-backend","statusCode":401,"timestamp":"2026-05-25 23:33:49","url":"/api/complaints"}
{"ip":"::1","level":"warn","message":"GET /api/complaints 401 2ms","method":"GET","responseTimeMs":2,"service":"citizen-grievance-backend","statusCode":401,"timestamp":"2026-05-25 23:33:49","url":"/api/complaints"}
{"ip":"::1","level":"warn","message":"Unauthorized attempt: token missing","method":"GET","service":"citizen-grievance-backend","timestamp":"2026-05-25 23:33:49","url":"/api/dashboard/stats"}
{"ip":"::1","level":"error","message":"Error: Not authorized, token missing\n    at C:\\Users\\M. Devika Rani\\Desktop\\Citizen-Grievance-System\\backend\\src\\middleware\\authMiddleware.js:20:11\n    at C:\\Users\\M. Devika Rani\\Desktop\\Citizen-Grievance-System\\backend\\src\\utils\\asyncHandler.js:7:21\n    at Layer.handle [as handle_request] (C:\\Users\\M. Devika Rani\\Desktop\\Citizen-Grievance-System\\backend\\node_modules\\express\\lib\\router\\layer.js:95:5)\n    at next (C:\\Users\\M. Devika Rani\\Desktop\\Citizen-Grievance-System\\backend\\node_modules\\express\\lib\\router\\route.js:149:13)\n    at Route.dispatch (C:\\Users\\M. Devika Rani\\Desktop\\Citizen-Grievance-System\\backend\\node_modules\\express\\lib\\router\\route.js:119:3)\n    at Layer.handle [as handle_request] (C:\\Users\\M. Devika Rani\\Desktop\\Citizen-Grievance-System\\backend\\node_modules\\express\\lib\\router\\layer.js:95:5)\n    at C:\\Users\\M. Devika Rani\\Desktop\\Citizen-Grievance-System\\backend\\node_modules\\express\\lib\\router\\index.js:284:15\n    at router.process_params (C:\\Users\\M. Devika Rani\\Desktop\\Citizen-Grievance-System\\backend\\node_modules\\express\\lib\\router\\index.js:346:12)\n    at next (C:\\Users\\M. Devika Rani\\Desktop\\Citizen-Grievance-System\\backend\\node_modules\\express\\lib\\router\\index.js:280:10)\n    at router.handle (C:\\Users\\M. Devika Rani\\Desktop\\Citizen-Grievance-System\\backend\\node_modules\\express\\lib\\router\\index.js:175:3)","method":"GET","service":"citizen-grievance-backend","statusCode":401,"timestamp":"2026-05-25 23:33:49","url":"/api/dashboard/stats"}
{"ip":"::1","level":"warn","message":"GET /api/dashboard/stats 401 2ms","method":"GET","responseTimeMs":2,"service":"citizen-grievance-backend","statusCode":401,"timestamp":"2026-05-25 23:33:49","url":"/api/dashboard/stats"}
{"ip":"::1","level":"warn","message":"Unauthorized attempt: token missing","method":"GET","service":"citizen-grievance-backend","timestamp":"2026-05-25 23:33:49","url":"/api/dashboard/stats"}
{"ip":"::1","level":"error","message":"Error: Not authorized, token missing\n    at C:\\Users\\M. Devika Rani\\Desktop\\Citizen-Grievance-System\\backend\\src\\middleware\\authMiddleware.js:20:11\n    at C:\\Users\\M. Devika Rani\\Desktop\\Citizen-Grievance-System\\backend\\src\\utils\\asyncHandler.js:7:21\n    at Layer.handle [as handle_request] (C:\\Users\\M. Devika Rani\\Desktop\\Citizen-Grievance-System\\backend\\node_modules\\express\\lib\\router\\layer.js:95:5)\n    at next (C:\\Users\\M. Devika Rani\\Desktop\\Citizen-Grievance-System\\backend\\node_modules\\express\\lib\\router\\route.js:149:13)\n    at Route.dispatch (C:\\Users\\M. Devika Rani\\Desktop\\Citizen-Grievance-System\\backend\\node_modules\\express\\lib\\router\\route.js:119:3)\n    at Layer.handle [as handle_request] (C:\\Users\\M. Devika Rani\\Desktop\\Citizen-Grievance-System\\backend\\node_modules\\express\\lib\\router\\layer.js:95:5)\n    at C:\\Users\\M. Devika Rani\\Desktop\\Citizen-Grievance-System\\backend\\node_modules\\express\\lib\\router\\index.js:284:15\n    at router.process_params (C:\\Users\\M. Devika Rani\\Desktop\\Citizen-Grievance-System\\backend\\node_modules\\express\\lib\\router\\index.js:346:12)\n    at next (C:\\Users\\M. Devika Rani\\Desktop\\Citizen-Grievance-System\\backend\\node_modules\\express\\lib\\router\\index.js:280:10)\n    at router.handle (C:\\Users\\M. Devika Rani\\Desktop\\Citizen-Grievance-System\\backend\\node_modules\\express\\lib\\router\\index.js:175:3)","method":"GET","service":"citizen-grievance-backend","statusCode":401,"timestamp":"2026-05-25 23:33:49","url":"/api/dashboard/stats"}
{"ip":"::1","level":"warn","message":"GET /api/dashboard/stats 401 2ms","method":"GET","responseTimeMs":2,"service":"citizen-grievance-backend","statusCode":401,"timestamp":"2026-05-25 23:33:49","url":"/api/dashboard/stats"}
{"ip":"::1","level":"info","message":"GET /api/updates/live 200 16ms","method":"GET","responseTimeMs":16,"service":"citizen-grievance-backend","statusCode":200,"timestamp":"2026-05-25 23:33:50","url":"/api/updates/live"}
{"ip":"::1","level":"info","message":"GET /api/updates/live 200 16ms","method":"GET","responseTimeMs":16,"service":"citizen-grievance-backend","statusCode":200,"timestamp":"2026-05-25 23:33:51","url":"/api/updates/live"}
{"ip":"::1","level":"info","message":"GET /api/departments 200 3ms","method":"GET","responseTimeMs":3,"service":"citizen-grievance-backend","statusCode":200,"timestamp":"2026-05-25 23:35:24","url":"/api/departments"}
{"level":"info","message":"Citizen Grievance Backend running on port 5000","service":"citizen-grievance-backend","timestamp":"2026-05-25 23:36:13"}
{"level":"info","message":"MongoDB connected: 127.0.0.1","service":"citizen-grievance-backend","timestamp":"2026-05-25 23:36:13"}
{"level":"info","message":"Citizen Grievance Backend running on port 5000","service":"citizen-grievance-backend","timestamp":"2026-05-25 23:37:17"}
{"level":"info","message":"MongoDB connected: 127.0.0.1","service":"citizen-grievance-backend","timestamp":"2026-05-25 23:37:17"}
{"level":"info","message":"Citizen Grievance Backend running on port 5000","service":"citizen-grievance-backend","timestamp":"2026-05-25 23:37:48"}
{"level":"info","message":"MongoDB connected: 127.0.0.1","service":"citizen-grievance-backend","timestamp":"2026-05-25 23:37:48"}
{"ip":"::1","level":"warn","message":"Unauthorized attempt: token missing","method":"GET","service":"citizen-grievance-backend","timestamp":"2026-05-25 23:47:39","url":"/api/complaints"}
{"ip":"::1","level":"error","message":"Error: Not authorized, token missing\n    at C:\\Users\\M. Devika Rani\\Desktop\\Citizen-Grievance-System\\backend\\src\\middleware\\authMiddleware.js:31:11\n    at C:\\Users\\M. Devika Rani\\Desktop\\Citizen-Grievance-System\\backend\\src\\utils\\asyncHandler.js:7:21\n    at Layer.handle [as handle_request] (C:\\Users\\M. Devika Rani\\Desktop\\Citizen-Grievance-System\\backend\\node_modules\\express\\lib\\router\\layer.js:95:5)\n    at trim_prefix (C:\\Users\\M. Devika Rani\\Desktop\\Citizen-Grievance-System\\backend\\node_modules\\express\\lib\\router\\index.js:328:13)\n    at C:\\Users\\M. Devika Rani\\Desktop\\Citizen-Grievance-System\\backend\\node_modules\\express\\lib\\router\\index.js:286:9\n    at router.process_params (C:\\Users\\M. Devika Rani\\Desktop\\Citizen-Grievance-System\\backend\\node_modules\\express\\lib\\router\\index.js:346:12)\n    at next (C:\\Users\\M. Devika Rani\\Desktop\\Citizen-Grievance-System\\backend\\node_modules\\express\\lib\\router\\index.js:280:10)\n    at router.handle (C:\\Users\\M. Devika Rani\\Desktop\\Citizen-Grievance-System\\backend\\node_modules\\express\\lib\\router\\index.js:175:3)\n    at router (C:\\Users\\M. Devika Rani\\Desktop\\Citizen-Grievance-System\\backend\\node_modules\\express\\lib\\router\\index.js:47:12)\n    at Layer.handle [as handle_request] (C:\\Users\\M. Devika Rani\\Desktop\\Citizen-Grievance-System\\backend\\node_modules\\express\\lib\\router\\layer.js:95:5)","method":"GET","service":"citizen-grievance-backend","statusCode":401,"timestamp":"2026-05-25 23:47:39","url":"/api/complaints"}
{"ip":"::1","level":"warn","message":"GET /api/complaints 401 56ms","method":"GET","responseTimeMs":56,"service":"citizen-grievance-backend","statusCode":401,"timestamp":"2026-05-25 23:47:39","url":"/api/complaints"}
{"ip":"::1","level":"warn","message":"Unauthorized attempt: token missing","method":"GET","service":"citizen-grievance-backend","timestamp":"2026-05-25 23:47:39","url":"/api/dashboard/stats"}
{"ip":"::1","level":"warn","message":"Unauthorized attempt: token missing","method":"GET","service":"citizen-grievance-backend","timestamp":"2026-05-25 23:47:39","url":"/api/dashboard/stats"}
{"ip":"::1","level":"error","message":"Error: Not authorized, token missing\n    at C:\\Users\\M. Devika Rani\\Desktop\\Citizen-Grievance-System\\backend\\src\\middleware\\authMiddleware.js:31:11\n    at C:\\Users\\M. Devika Rani\\Desktop\\Citizen-Grievance-System\\backend\\src\\utils\\asyncHandler.js:7:21\n    at Layer.handle [as handle_request] (C:\\Users\\M. Devika Rani\\Desktop\\Citizen-Grievance-System\\backend\\node_modules\\express\\lib\\router\\layer.js:95:5)\n    at next (C:\\Users\\M. Devika Rani\\Desktop\\Citizen-Grievance-System\\backend\\node_modules\\express\\lib\\router\\route.js:149:13)\n    at Route.dispatch (C:\\Users\\M. Devika Rani\\Desktop\\Citizen-Grievance-System\\backend\\node_modules\\express\\lib\\router\\route.js:119:3)\n    at Layer.handle [as handle_request] (C:\\Users\\M. Devika Rani\\Desktop\\Citizen-Grievance-System\\backend\\node_modules\\express\\lib\\router\\layer.js:95:5)\n    at C:\\Users\\M. Devika Rani\\Desktop\\Citizen-Grievance-System\\backend\\node_modules\\express\\lib\\router\\index.js:284:15\n    at router.process_params (C:\\Users\\M. Devika Rani\\Desktop\\Citizen-Grievance-System\\backend\\node_modules\\express\\lib\\router\\index.js:346:12)\n    at next (C:\\Users\\M. Devika Rani\\Desktop\\Citizen-Grievance-System\\backend\\node_modules\\express\\lib\\router\\index.js:280:10)\n    at router.handle (C:\\Users\\M. Devika Rani\\Desktop\\Citizen-Grievance-System\\backend\\node_modules\\express\\lib\\router\\index.js:175:3)","method":"GET","service":"citizen-grievance-backend","statusCode":401,"timestamp":"2026-05-25 23:47:39","url":"/api/dashboard/stats"}
{"ip":"::1","level":"warn","message":"GET /api/dashboard/stats 401 7ms","method":"GET","responseTimeMs":7,"service":"citizen-grievance-backend","statusCode":401,"timestamp":"2026-05-25 23:47:39","url":"/api/dashboard/stats"}
{"ip":"::1","level":"error","message":"Error: Not authorized, token missing\n    at C:\\Users\\M. Devika Rani\\Desktop\\Citizen-Grievance-System\\backend\\src\\middleware\\authMiddleware.js:31:11\n    at C:\\Users\\M. Devika Rani\\Desktop\\Citizen-Grievance-System\\backend\\src\\utils\\asyncHandler.js:7:21\n    at Layer.handle [as handle_request] (C:\\Users\\M. Devika Rani\\Desktop\\Citizen-Grievance-System\\backend\\node_modules\\express\\lib\\router\\layer.js:95:5)\n    at next (C:\\Users\\M. Devika Rani\\Desktop\\Citizen-Grievance-System\\backend\\node_modules\\express\\lib\\router\\route.js:149:13)\n    at Route.dispatch (C:\\Users\\M. Devika Rani\\Desktop\\Citizen-Grievance-System\\backend\\node_modules\\express\\lib\\router\\route.js:119:3)\n    at Layer.handle [as handle_request] (C:\\Users\\M. Devika Rani\\Desktop\\Citizen-Grievance-System\\backend\\node_modules\\express\\lib\\router\\layer.js:95:5)\n    at C:\\Users\\M. Devika Rani\\Desktop\\Citizen-Grievance-System\\backend\\node_modules\\express\\lib\\router\\index.js:284:15\n    at router.process_params (C:\\Users\\M. Devika Rani\\Desktop\\Citizen-Grievance-System\\backend\\node_modules\\express\\lib\\router\\index.js:346:12)\n    at next (C:\\Users\\M. Devika Rani\\Desktop\\Citizen-Grievance-System\\backend\\node_modules\\express\\lib\\router\\index.js:280:10)\n    at router.handle (C:\\Users\\M. Devika Rani\\Desktop\\Citizen-Grievance-System\\backend\\node_modules\\express\\lib\\router\\index.js:175:3)","method":"GET","service":"citizen-grievance-backend","statusCode":401,"timestamp":"2026-05-25 23:47:39","url":"/api/dashboard/stats"}
{"ip":"::1","level":"warn","message":"GET /api/dashboard/stats 401 7ms","method":"GET","responseTimeMs":7,"service":"citizen-grievance-backend","statusCode":401,"timestamp":"2026-05-25 23:47:39","url":"/api/dashboard/stats"}
{"ip":"::1","level":"info","message":"GET /api/departments 200 207ms","method":"GET","responseTimeMs":207,"service":"citizen-grievance-backend","statusCode":200,"timestamp":"2026-05-25 23:47:39","url":"/api/departments"}
{"ip":"::1","level":"warn","message":"Unauthorized attempt: token missing","method":"GET","service":"citizen-grievance-backend","timestamp":"2026-05-25 23:47:40","url":"/api/dashboard/stats"}
{"ip":"::1","level":"error","message":"Error: Not authorized, token missing\n    at C:\\Users\\M. Devika Rani\\Desktop\\Citizen-Grievance-System\\backend\\src\\middleware\\authMiddleware.js:31:11\n    at C:\\Users\\M. Devika Rani\\Desktop\\Citizen-Grievance-System\\backend\\src\\utils\\asyncHandler.js:7:21\n    at Layer.handle [as handle_request] (C:\\Users\\M. Devika Rani\\Desktop\\Citizen-Grievance-System\\backend\\node_modules\\express\\lib\\router\\layer.js:95:5)\n    at next (C:\\Users\\M. Devika Rani\\Desktop\\Citizen-Grievance-System\\backend\\node_modules\\express\\lib\\router\\route.js:149:13)\n    at Route.dispatch (C:\\Users\\M. Devika Rani\\Desktop\\Citizen-Grievance-System\\backend\\node_modules\\express\\lib\\router\\route.js:119:3)\n    at Layer.handle [as handle_request] (C:\\Users\\M. Devika Rani\\Desktop\\Citizen-Grievance-System\\backend\\node_modules\\express\\lib\\router\\layer.js:95:5)\n    at C:\\Users\\M. Devika Rani\\Desktop\\Citizen-Grievance-System\\backend\\node_modules\\express\\lib\\router\\index.js:284:15\n    at router.process_params (C:\\Users\\M. Devika Rani\\Desktop\\Citizen-Grievance-System\\backend\\node_modules\\express\\lib\\router\\index.js:346:12)\n    at next (C:\\Users\\M. Devika Rani\\Desktop\\Citizen-Grievance-System\\backend\\node_modules\\express\\lib\\router\\index.js:280:10)\n    at router.handle (C:\\Users\\M. Devika Rani\\Desktop\\Citizen-Grievance-System\\backend\\node_modules\\express\\lib\\router\\index.js:175:3)","method":"GET","service":"citizen-grievance-backend","statusCode":401,"timestamp":"2026-05-25 23:47:40","url":"/api/dashboard/stats"}
{"ip":"::1","level":"warn","message":"GET /api/dashboard/stats 401 2ms","method":"GET","responseTimeMs":2,"service":"citizen-grievance-backend","statusCode":401,"timestamp":"2026-05-25 23:47:40","url":"/api/dashboard/stats"}
{"ip":"::1","level":"warn","message":"Unauthorized attempt: token missing","method":"GET","service":"citizen-grievance-backend","timestamp":"2026-05-25 23:47:40","url":"/api/complaints"}
{"ip":"::1","level":"error","message":"Error: Not authorized, token missing\n    at C:\\Users\\M. Devika Rani\\Desktop\\Citizen-Grievance-System\\backend\\src\\middleware\\authMiddleware.js:31:11\n    at C:\\Users\\M. Devika Rani\\Desktop\\Citizen-Grievance-System\\backend\\src\\utils\\asyncHandler.js:7:21\n    at Layer.handle [as handle_request] (C:\\Users\\M. Devika Rani\\Desktop\\Citizen-Grievance-System\\backend\\node_modules\\express\\lib\\router\\layer.js:95:5)\n    at trim_prefix (C:\\Users\\M. Devika Rani\\Desktop\\Citizen-Grievance-System\\backend\\node_modules\\express\\lib\\router\\index.js:328:13)\n    at C:\\Users\\M. Devika Rani\\Desktop\\Citizen-Grievance-System\\backend\\node_modules\\express\\lib\\router\\index.js:286:9\n    at router.process_params (C:\\Users\\M. Devika Rani\\Desktop\\Citizen-Grievance-System\\backend\\node_modules\\express\\lib\\router\\index.js:346:12)\n    at next (C:\\Users\\M. Devika Rani\\Desktop\\Citizen-Grievance-System\\backend\\node_modules\\express\\lib\\router\\index.js:280:10)\n    at router.handle (C:\\Users\\M. Devika Rani\\Desktop\\Citizen-Grievance-System\\backend\\node_modules\\express\\lib\\router\\index.js:175:3)\n    at router (C:\\Users\\M. Devika Rani\\Desktop\\Citizen-Grievance-System\\backend\\node_modules\\express\\lib\\router\\index.js:47:12)\n    at Layer.handle [as handle_request] (C:\\Users\\M. Devika Rani\\Desktop\\Citizen-Grievance-System\\backend\\node_modules\\express\\lib\\router\\layer.js:95:5)","method":"GET","service":"citizen-grievance-backend","statusCode":401,"timestamp":"2026-05-25 23:47:40","url":"/api/complaints"}
{"ip":"::1","level":"warn","message":"GET /api/complaints 401 2ms","method":"GET","responseTimeMs":2,"service":"citizen-grievance-backend","statusCode":401,"timestamp":"2026-05-25 23:47:40","url":"/api/complaints"}
{"ip":"::1","level":"warn","message":"Unauthorized attempt: token missing","method":"GET","service":"citizen-grievance-backend","timestamp":"2026-05-25 23:47:40","url":"/api/dashboard/stats"}
{"ip":"::1","level":"error","message":"Error: Not authorized, token missing\n    at C:\\Users\\M. Devika Rani\\Desktop\\Citizen-Grievance-System\\backend\\src\\middleware\\authMiddleware.js:31:11\n    at C:\\Users\\M. Devika Rani\\Desktop\\Citizen-Grievance-System\\backend\\src\\utils\\asyncHandler.js:7:21\n    at Layer.handle [as handle_request] (C:\\Users\\M. Devika Rani\\Desktop\\Citizen-Grievance-System\\backend\\node_modules\\express\\lib\\router\\layer.js:95:5)\n    at next (C:\\Users\\M. Devika Rani\\Desktop\\Citizen-Grievance-System\\backend\\node_modules\\express\\lib\\router\\route.js:149:13)\n    at Route.dispatch (C:\\Users\\M. Devika Rani\\Desktop\\Citizen-Grievance-System\\backend\\node_modules\\express\\lib\\router\\route.js:119:3)\n    at Layer.handle [as handle_request] (C:\\Users\\M. Devika Rani\\Desktop\\Citizen-Grievance-System\\backend\\node_modules\\express\\lib\\router\\layer.js:95:5)\n    at C:\\Users\\M. Devika Rani\\Desktop\\Citizen-Grievance-System\\backend\\node_modules\\express\\lib\\router\\index.js:284:15\n    at router.process_params (C:\\Users\\M. Devika Rani\\Desktop\\Citizen-Grievance-System\\backend\\node_modules\\express\\lib\\router\\index.js:346:12)\n    at next (C:\\Users\\M. Devika Rani\\Desktop\\Citizen-Grievance-System\\backend\\node_modules\\express\\lib\\router\\index.js:280:10)\n    at router.handle (C:\\Users\\M. Devika Rani\\Desktop\\Citizen-Grievance-System\\backend\\node_modules\\express\\lib\\router\\index.js:175:3)","method":"GET","service":"citizen-grievance-backend","statusCode":401,"timestamp":"2026-05-25 23:47:40","url":"/api/dashboard/stats"}
{"ip":"::1","level":"warn","message":"GET /api/dashboard/stats 401 77ms","method":"GET","responseTimeMs":77,"service":"citizen-grievance-backend","statusCode":401,"timestamp":"2026-05-25 23:47:40","url":"/api/dashboard/stats"}
{"ip":"::1","level":"warn","message":"Unauthorized attempt: token missing","method":"GET","service":"citizen-grievance-backend","timestamp":"2026-05-25 23:47:40","url":"/api/dashboard/stats"}
{"ip":"::1","level":"error","message":"Error: Not authorized, token missing\n    at C:\\Users\\M. Devika Rani\\Desktop\\Citizen-Grievance-System\\backend\\src\\middleware\\authMiddleware.js:31:11\n    at C:\\Users\\M. Devika Rani\\Desktop\\Citizen-Grievance-System\\backend\\src\\utils\\asyncHandler.js:7:21\n    at Layer.handle [as handle_request] (C:\\Users\\M. Devika Rani\\Desktop\\Citizen-Grievance-System\\backend\\node_modules\\express\\lib\\router\\layer.js:95:5)\n    at next (C:\\Users\\M. Devika Rani\\Desktop\\Citizen-Grievance-System\\backend\\node_modules\\express\\lib\\router\\route.js:149:13)\n    at Route.dispatch (C:\\Users\\M. Devika Rani\\Desktop\\Citizen-Grievance-System\\backend\\node_modules\\express\\lib\\router\\route.js:119:3)\n    at Layer.handle [as handle_request] (C:\\Users\\M. Devika Rani\\Desktop\\Citizen-Grievance-System\\backend\\node_modules\\express\\lib\\router\\layer.js:95:5)\n    at C:\\Users\\M. Devika Rani\\Desktop\\Citizen-Grievance-System\\backend\\node_modules\\express\\lib\\router\\index.js:284:15\n    at router.process_params (C:\\Users\\M. Devika Rani\\Desktop\\Citizen-Grievance-System\\backend\\node_modules\\express\\lib\\router\\index.js:346:12)\n    at next (C:\\Users\\M. Devika Rani\\Desktop\\Citizen-Grievance-System\\backend\\node_modules\\express\\lib\\router\\index.js:280:10)\n    at router.handle (C:\\Users\\M. Devika Rani\\Desktop\\Citizen-Grievance-System\\backend\\node_modules\\express\\lib\\router\\index.js:175:3)","method":"GET","service":"citizen-grievance-backend","statusCode":401,"timestamp":"2026-05-25 23:47:40","url":"/api/dashboard/stats"}
{"ip":"::1","level":"warn","message":"GET /api/dashboard/stats 401 9ms","method":"GET","responseTimeMs":9,"service":"citizen-grievance-backend","statusCode":401,"timestamp":"2026-05-25 23:47:40","url":"/api/dashboard/stats"}
{"ip":"::1","level":"info","message":"GET /api/governance/timeline 304 123ms","method":"GET","responseTimeMs":123,"service":"citizen-grievance-backend","statusCode":304,"timestamp":"2026-05-25 23:47:40","url":"/api/governance/timeline"}
{"ip":"::1","level":"info","message":"GET /api/updates/live 200 78ms","method":"GET","responseTimeMs":78,"service":"citizen-grievance-backend","statusCode":200,"timestamp":"2026-05-25 23:47:40","url":"/api/updates/live"}
{"ip":"::1","level":"warn","message":"Unauthorized attempt: token missing","method":"GET","service":"citizen-grievance-backend","timestamp":"2026-05-25 23:48:47","url":"/api/complaints"}
{"ip":"::1","level":"error","message":"Error: Not authorized, token missing\n    at C:\\Users\\M. Devika Rani\\Desktop\\Citizen-Grievance-System\\backend\\src\\middleware\\authMiddleware.js:31:11\n    at C:\\Users\\M. Devika Rani\\Desktop\\Citizen-Grievance-System\\backend\\src\\utils\\asyncHandler.js:7:21\n    at Layer.handle [as handle_request] (C:\\Users\\M. Devika Rani\\Desktop\\Citizen-Grievance-System\\backend\\node_modules\\express\\lib\\router\\layer.js:95:5)\n    at trim_prefix (C:\\Users\\M. Devika Rani\\Desktop\\Citizen-Grievance-System\\backend\\node_modules\\express\\lib\\router\\index.js:328:13)\n    at C:\\Users\\M. Devika Rani\\Desktop\\Citizen-Grievance-System\\backend\\node_modules\\express\\lib\\router\\index.js:286:9\n    at router.process_params (C:\\Users\\M. Devika Rani\\Desktop\\Citizen-Grievance-System\\backend\\node_modules\\express\\lib\\router\\index.js:346:12)\n    at next (C:\\Users\\M. Devika Rani\\Desktop\\Citizen-Grievance-System\\backend\\node_modules\\express\\lib\\router\\index.js:280:10)\n    at router.handle (C:\\Users\\M. Devika Rani\\Desktop\\Citizen-Grievance-System\\backend\\node_modules\\express\\lib\\router\\index.js:175:3)\n    at router (C:\\Users\\M. Devika Rani\\Desktop\\Citizen-Grievance-System\\backend\\node_modules\\express\\lib\\router\\index.js:47:12)\n    at Layer.handle [as handle_request] (C:\\Users\\M. Devika Rani\\Desktop\\Citizen-Grievance-System\\backend\\node_modules\\express\\lib\\router\\layer.js:95:5)","method":"GET","service":"citizen-grievance-backend","statusCode":401,"timestamp":"2026-05-25 23:48:47","url":"/api/complaints"}
{"ip":"::1","level":"warn","message":"GET /api/complaints 401 2ms","method":"GET","responseTimeMs":2,"service":"citizen-grievance-backend","statusCode":401,"timestamp":"2026-05-25 23:48:47","url":"/api/complaints"}
{"ip":"::1","level":"warn","message":"Unauthorized attempt: token missing","method":"GET","service":"citizen-grievance-backend","timestamp":"2026-05-25 23:48:47","url":"/api/dashboard/stats"}
{"ip":"::1","level":"warn","message":"Unauthorized attempt: token missing","method":"GET","service":"citizen-grievance-backend","timestamp":"2026-05-25 23:48:47","url":"/api/dashboard/stats"}
{"ip":"::1","level":"error","message":"Error: Not authorized, token missing\n    at C:\\Users\\M. Devika Rani\\Desktop\\Citizen-Grievance-System\\backend\\src\\middleware\\authMiddleware.js:31:11\n    at C:\\Users\\M. Devika Rani\\Desktop\\Citizen-Grievance-System\\backend\\src\\utils\\asyncHandler.js:7:21\n    at Layer.handle [as handle_request] (C:\\Users\\M. Devika Rani\\Desktop\\Citizen-Grievance-System\\backend\\node_modules\\express\\lib\\router\\layer.js:95:5)\n    at next (C:\\Users\\M. Devika Rani\\Desktop\\Citizen-Grievance-System\\backend\\node_modules\\express\\lib\\router\\route.js:149:13)\n    at Route.dispatch (C:\\Users\\M. Devika Rani\\Desktop\\Citizen-Grievance-System\\backend\\node_modules\\express\\lib\\router\\route.js:119:3)\n    at Layer.handle [as handle_request] (C:\\Users\\M. Devika Rani\\Desktop\\Citizen-Grievance-System\\backend\\node_modules\\express\\lib\\router\\layer.js:95:5)\n    at C:\\Users\\M. Devika Rani\\Desktop\\Citizen-Grievance-System\\backend\\node_modules\\express\\lib\\router\\index.js:284:15\n    at router.process_params (C:\\Users\\M. Devika Rani\\Desktop\\Citizen-Grievance-System\\backend\\node_modules\\express\\lib\\router\\index.js:346:12)\n    at next (C:\\Users\\M. Devika Rani\\Desktop\\Citizen-Grievance-System\\backend\\node_modules\\express\\lib\\router\\index.js:280:10)\n    at router.handle (C:\\Users\\M. Devika Rani\\Desktop\\Citizen-Grievance-System\\backend\\node_modules\\express\\lib\\router\\index.js:175:3)","method":"GET","service":"citizen-grievance-backend","statusCode":401,"timestamp":"2026-05-25 23:48:47","url":"/api/dashboard/stats"}
{"ip":"::1","level":"warn","message":"GET /api/dashboard/stats 401 3ms","method":"GET","responseTimeMs":3,"service":"citizen-grievance-backend","statusCode":401,"timestamp":"2026-05-25 23:48:47","url":"/api/dashboard/stats"}
{"ip":"::1","level":"error","message":"Error: Not authorized, token missing\n    at C:\\Users\\M. Devika Rani\\Desktop\\Citizen-Grievance-System\\backend\\src\\middleware\\authMiddleware.js:31:11\n    at C:\\Users\\M. Devika Rani\\Desktop\\Citizen-Grievance-System\\backend\\src\\utils\\asyncHandler.js:7:21\n    at Layer.handle [as handle_request] (C:\\Users\\M. Devika Rani\\Desktop\\Citizen-Grievance-System\\backend\\node_modules\\express\\lib\\router\\layer.js:95:5)\n    at next (C:\\Users\\M. Devika Rani\\Desktop\\Citizen-Grievance-System\\backend\\node_modules\\express\\lib\\router\\route.js:149:13)\n    at Route.dispatch (C:\\Users\\M. Devika Rani\\Desktop\\Citizen-Grievance-System\\backend\\node_modules\\express\\lib\\router\\route.js:119:3)\n    at Layer.handle [as handle_request] (C:\\Users\\M. Devika Rani\\Desktop\\Citizen-Grievance-System\\backend\\node_modules\\express\\lib\\router\\layer.js:95:5)\n    at C:\\Users\\M. Devika Rani\\Desktop\\Citizen-Grievance-System\\backend\\node_modules\\express\\lib\\router\\index.js:284:15\n    at router.process_params (C:\\Users\\M. Devika Rani\\Desktop\\Citizen-Grievance-System\\backend\\node_modules\\express\\lib\\router\\index.js:346:12)\n    at next (C:\\Users\\M. Devika Rani\\Desktop\\Citizen-Grievance-System\\backend\\node_modules\\express\\lib\\router\\index.js:280:10)\n    at router.handle (C:\\Users\\M. Devika Rani\\Desktop\\Citizen-Grievance-System\\backend\\node_modules\\express\\lib\\router\\index.js:175:3)","method":"GET","service":"citizen-grievance-backend","statusCode":401,"timestamp":"2026-05-25 23:48:47","url":"/api/dashboard/stats"}
{"ip":"::1","level":"warn","message":"GET /api/dashboard/stats 401 3ms","method":"GET","responseTimeMs":3,"service":"citizen-grievance-backend","statusCode":401,"timestamp":"2026-05-25 23:48:47","url":"/api/dashboard/stats"}
{"ip":"::1","level":"info","message":"GET /api/departments 200 21ms","method":"GET","responseTimeMs":21,"service":"citizen-grievance-backend","statusCode":200,"timestamp":"2026-05-25 23:48:47","url":"/api/departments"}
{"ip":"::1","level":"warn","message":"Unauthorized attempt: token missing","method":"GET","service":"citizen-grievance-backend","timestamp":"2026-05-25 23:48:47","url":"/api/dashboard/stats"}
{"ip":"::1","level":"error","message":"Error: Not authorized, token missing\n    at C:\\Users\\M. Devika Rani\\Desktop\\Citizen-Grievance-System\\backend\\src\\middleware\\authMiddleware.js:31:11\n    at C:\\Users\\M. Devika Rani\\Desktop\\Citizen-Grievance-System\\backend\\src\\utils\\asyncHandler.js:7:21\n    at Layer.handle [as handle_request] (C:\\Users\\M. Devika Rani\\Desktop\\Citizen-Grievance-System\\backend\\node_modules\\express\\lib\\router\\layer.js:95:5)\n    at next (C:\\Users\\M. Devika Rani\\Desktop\\Citizen-Grievance-System\\backend\\node_modules\\express\\lib\\router\\route.js:149:13)\n    at Route.dispatch (C:\\Users\\M. Devika Rani\\Desktop\\Citizen-Grievance-System\\backend\\node_modules\\express\\lib\\router\\route.js:119:3)\n    at Layer.handle [as handle_request] (C:\\Users\\M. Devika Rani\\Desktop\\Citizen-Grievance-System\\backend\\node_modules\\express\\lib\\router\\layer.js:95:5)\n    at C:\\Users\\M. Devika Rani\\Desktop\\Citizen-Grievance-System\\backend\\node_modules\\express\\lib\\router\\index.js:284:15\n    at router.process_params (C:\\Users\\M. Devika Rani\\Desktop\\Citizen-Grievance-System\\backend\\node_modules\\express\\lib\\router\\index.js:346:12)\n    at next (C:\\Users\\M. Devika Rani\\Desktop\\Citizen-Grievance-System\\backend\\node_modules\\express\\lib\\router\\index.js:280:10)\n    at router.handle (C:\\Users\\M. Devika Rani\\Desktop\\Citizen-Grievance-System\\backend\\node_modules\\express\\lib\\router\\index.js:175:3)","method":"GET","service":"citizen-grievance-backend","statusCode":401,"timestamp":"2026-05-25 23:48:47","url":"/api/dashboard/stats"}
{"ip":"::1","level":"warn","message":"GET /api/dashboard/stats 401 3ms","method":"GET","responseTimeMs":3,"service":"citizen-grievance-backend","statusCode":401,"timestamp":"2026-05-25 23:48:47","url":"/api/dashboard/stats"}
{"ip":"::1","level":"warn","message":"Unauthorized attempt: token missing","method":"GET","service":"citizen-grievance-backend","timestamp":"2026-05-25 23:48:47","url":"/api/complaints"}
{"ip":"::1","level":"error","message":"Error: Not authorized, token missing\n    at C:\\Users\\M. Devika Rani\\Desktop\\Citizen-Grievance-System\\backend\\src\\middleware\\authMiddleware.js:31:11\n    at C:\\Users\\M. Devika Rani\\Desktop\\Citizen-Grievance-System\\backend\\src\\utils\\asyncHandler.js:7:21\n    at Layer.handle [as handle_request] (C:\\Users\\M. Devika Rani\\Desktop\\Citizen-Grievance-System\\backend\\node_modules\\express\\lib\\router\\layer.js:95:5)\n    at trim_prefix (C:\\Users\\M. Devika Rani\\Desktop\\Citizen-Grievance-System\\backend\\node_modules\\express\\lib\\router\\index.js:328:13)\n    at C:\\Users\\M. Devika Rani\\Desktop\\Citizen-Grievance-System\\backend\\node_modules\\express\\lib\\router\\index.js:286:9\n    at router.process_params (C:\\Users\\M. Devika Rani\\Desktop\\Citizen-Grievance-System\\backend\\node_modules\\express\\lib\\router\\index.js:346:12)\n    at next (C:\\Users\\M. Devika Rani\\Desktop\\Citizen-Grievance-System\\backend\\node_modules\\express\\lib\\router\\index.js:280:10)\n    at router.handle (C:\\Users\\M. Devika Rani\\Desktop\\Citizen-Grievance-System\\backend\\node_modules\\express\\lib\\router\\index.js:175:3)\n    at router (C:\\Users\\M. Devika Rani\\Desktop\\Citizen-Grievance-System\\backend\\node_modules\\express\\lib\\router\\index.js:47:12)\n    at Layer.handle [as handle_request] (C:\\Users\\M. Devika Rani\\Desktop\\Citizen-Grievance-System\\backend\\node_modules\\express\\lib\\router\\layer.js:95:5)","method":"GET","service":"citizen-grievance-backend","statusCode":401,"timestamp":"2026-05-25 23:48:47","url":"/api/complaints"}
{"ip":"::1","level":"warn","message":"GET /api/complaints 401 1ms","method":"GET","responseTimeMs":1,"service":"citizen-grievance-backend","statusCode":401,"timestamp":"2026-05-25 23:48:47","url":"/api/complaints"}
{"ip":"::1","level":"warn","message":"Unauthorized attempt: token missing","method":"GET","service":"citizen-grievance-backend","timestamp":"2026-05-25 23:48:47","url":"/api/dashboard/stats"}
{"ip":"::1","level":"error","message":"Error: Not authorized, token missing\n    at C:\\Users\\M. Devika Rani\\Desktop\\Citizen-Grievance-System\\backend\\src\\middleware\\authMiddleware.js:31:11\n    at C:\\Users\\M. Devika Rani\\Desktop\\Citizen-Grievance-System\\backend\\src\\utils\\asyncHandler.js:7:21\n    at Layer.handle [as handle_request] (C:\\Users\\M. Devika Rani\\Desktop\\Citizen-Grievance-System\\backend\\node_modules\\express\\lib\\router\\layer.js:95:5)\n    at next (C:\\Users\\M. Devika Rani\\Desktop\\Citizen-Grievance-System\\backend\\node_modules\\express\\lib\\router\\route.js:149:13)\n    at Route.dispatch (C:\\Users\\M. Devika Rani\\Desktop\\Citizen-Grievance-System\\backend\\node_modules\\express\\lib\\router\\route.js:119:3)\n    at Layer.handle [as handle_request] (C:\\Users\\M. Devika Rani\\Desktop\\Citizen-Grievance-System\\backend\\node_modules\\express\\lib\\router\\layer.js:95:5)\n    at C:\\Users\\M. Devika Rani\\Desktop\\Citizen-Grievance-System\\backend\\node_modules\\express\\lib\\router\\index.js:284:15\n    at router.process_params (C:\\Users\\M. Devika Rani\\Desktop\\Citizen-Grievance-System\\backend\\node_modules\\express\\lib\\router\\index.js:346:12)\n    at next (C:\\Users\\M. Devika Rani\\Desktop\\Citizen-Grievance-System\\backend\\node_modules\\express\\lib\\router\\index.js:280:10)\n    at router.handle (C:\\Users\\M. Devika Rani\\Desktop\\Citizen-Grievance-System\\backend\\node_modules\\express\\lib\\router\\index.js:175:3)","method":"GET","service":"citizen-grievance-backend","statusCode":401,"timestamp":"2026-05-25 23:48:47","url":"/api/dashboard/stats"}
{"ip":"::1","level":"warn","message":"GET /api/dashboard/stats 401 18ms","method":"GET","responseTimeMs":18,"service":"citizen-grievance-backend","statusCode":401,"timestamp":"2026-05-25 23:48:47","url":"/api/dashboard/stats"}
{"ip":"::1","level":"info","message":"GET /api/governance/timeline 304 30ms","method":"GET","responseTimeMs":30,"service":"citizen-grievance-backend","statusCode":304,"timestamp":"2026-05-25 23:48:47","url":"/api/governance/timeline"}
{"ip":"::1","level":"warn","message":"Unauthorized attempt: token missing","method":"GET","service":"citizen-grievance-backend","timestamp":"2026-05-25 23:48:47","url":"/api/dashboard/stats"}
{"ip":"::1","level":"error","message":"Error: Not authorized, token missing\n    at C:\\Users\\M. Devika Rani\\Desktop\\Citizen-Grievance-System\\backend\\src\\middleware\\authMiddleware.js:31:11\n    at C:\\Users\\M. Devika Rani\\Desktop\\Citizen-Grievance-System\\backend\\src\\utils\\asyncHandler.js:7:21\n    at Layer.handle [as handle_request] (C:\\Users\\M. Devika Rani\\Desktop\\Citizen-Grievance-System\\backend\\node_modules\\express\\lib\\router\\layer.js:95:5)\n    at next (C:\\Users\\M. Devika Rani\\Desktop\\Citizen-Grievance-System\\backend\\node_modules\\express\\lib\\router\\route.js:149:13)\n    at Route.dispatch (C:\\Users\\M. Devika Rani\\Desktop\\Citizen-Grievance-System\\backend\\node_modules\\express\\lib\\router\\route.js:119:3)\n    at Layer.handle [as handle_request] (C:\\Users\\M. Devika Rani\\Desktop\\Citizen-Grievance-System\\backend\\node_modules\\express\\lib\\router\\layer.js:95:5)\n    at C:\\Users\\M. Devika Rani\\Desktop\\Citizen-Grievance-System\\backend\\node_modules\\express\\lib\\router\\index.js:284:15\n    at router.process_params (C:\\Users\\M. Devika Rani\\Desktop\\Citizen-Grievance-System\\backend\\node_modules\\express\\lib\\router\\index.js:346:12)\n    at next (C:\\Users\\M. Devika Rani\\Desktop\\Citizen-Grievance-System\\backend\\node_modules\\express\\lib\\router\\index.js:280:10)\n    at router.handle (C:\\Users\\M. Devika Rani\\Desktop\\Citizen-Grievance-System\\backend\\node_modules\\express\\lib\\router\\index.js:175:3)","method":"GET","service":"citizen-grievance-backend","statusCode":401,"timestamp":"2026-05-25 23:48:47","url":"/api/dashboard/stats"}
{"ip":"::1","level":"warn","message":"GET /api/dashboard/stats 401 1ms","method":"GET","responseTimeMs":1,"service":"citizen-grievance-backend","statusCode":401,"timestamp":"2026-05-25 23:48:47","url":"/api/dashboard/stats"}
{"ip":"::1","level":"info","message":"GET /api/updates/live 200 20ms","method":"GET","responseTimeMs":20,"service":"citizen-grievance-backend","statusCode":200,"timestamp":"2026-05-25 23:48:47","url":"/api/updates/live"}
{"ip":"::1","level":"warn","message":"Unauthorized attempt: token missing","method":"GET","service":"citizen-grievance-backend","timestamp":"2026-05-25 23:49:08","url":"/api/complaints"}
{"ip":"::1","level":"error","message":"Error: Not authorized, token missing\n    at C:\\Users\\M. Devika Rani\\Desktop\\Citizen-Grievance-System\\backend\\src\\middleware\\authMiddleware.js:31:11\n    at C:\\Users\\M. Devika Rani\\Desktop\\Citizen-Grievance-System\\backend\\src\\utils\\asyncHandler.js:7:21\n    at Layer.handle [as handle_request] (C:\\Users\\M. Devika Rani\\Desktop\\Citizen-Grievance-System\\backend\\node_modules\\express\\lib\\router\\layer.js:95:5)\n    at trim_prefix (C:\\Users\\M. Devika Rani\\Desktop\\Citizen-Grievance-System\\backend\\node_modules\\express\\lib\\router\\index.js:328:13)\n    at C:\\Users\\M. Devika Rani\\Desktop\\Citizen-Grievance-System\\backend\\node_modules\\express\\lib\\router\\index.js:286:9\n    at router.process_params (C:\\Users\\M. Devika Rani\\Desktop\\Citizen-Grievance-System\\backend\\node_modules\\express\\lib\\router\\index.js:346:12)\n    at next (C:\\Users\\M. Devika Rani\\Desktop\\Citizen-Grievance-System\\backend\\node_modules\\express\\lib\\router\\index.js:280:10)\n    at router.handle (C:\\Users\\M. Devika Rani\\Desktop\\Citizen-Grievance-System\\backend\\node_modules\\express\\lib\\router\\index.js:175:3)\n    at router (C:\\Users\\M. Devika Rani\\Desktop\\Citizen-Grievance-System\\backend\\node_modules\\express\\lib\\router\\index.js:47:12)\n    at Layer.handle [as handle_request] (C:\\Users\\M. Devika Rani\\Desktop\\Citizen-Grievance-System\\backend\\node_modules\\express\\lib\\router\\layer.js:95:5)","method":"GET","service":"citizen-grievance-backend","statusCode":401,"timestamp":"2026-05-25 23:49:08","url":"/api/complaints"}
{"ip":"::1","level":"warn","message":"GET /api/complaints 401 1ms","method":"GET","responseTimeMs":1,"service":"citizen-grievance-backend","statusCode":401,"timestamp":"2026-05-25 23:49:08","url":"/api/complaints"}
{"ip":"::1","level":"warn","message":"Unauthorized attempt: token missing","method":"GET","service":"citizen-grievance-backend","timestamp":"2026-05-25 23:49:08","url":"/api/dashboard/stats"}
{"ip":"::1","level":"warn","message":"Unauthorized attempt: token missing","method":"GET","service":"citizen-grievance-backend","timestamp":"2026-05-25 23:49:08","url":"/api/dashboard/stats"}
{"ip":"::1","level":"error","message":"Error: Not authorized, token missing\n    at C:\\Users\\M. Devika Rani\\Desktop\\Citizen-Grievance-System\\backend\\src\\middleware\\authMiddleware.js:31:11\n    at C:\\Users\\M. Devika Rani\\Desktop\\Citizen-Grievance-System\\backend\\src\\utils\\asyncHandler.js:7:21\n    at Layer.handle [as handle_request] (C:\\Users\\M. Devika Rani\\Desktop\\Citizen-Grievance-System\\backend\\node_modules\\express\\lib\\router\\layer.js:95:5)\n    at next (C:\\Users\\M. Devika Rani\\Desktop\\Citizen-Grievance-System\\backend\\node_modules\\express\\lib\\router\\route.js:149:13)\n    at Route.dispatch (C:\\Users\\M. Devika Rani\\Desktop\\Citizen-Grievance-System\\backend\\node_modules\\express\\lib\\router\\route.js:119:3)\n    at Layer.handle [as handle_request] (C:\\Users\\M. Devika Rani\\Desktop\\Citizen-Grievance-System\\backend\\node_modules\\express\\lib\\router\\layer.js:95:5)\n    at C:\\Users\\M. Devika Rani\\Desktop\\Citizen-Grievance-System\\backend\\node_modules\\express\\lib\\router\\index.js:284:15\n    at router.process_params (C:\\Users\\M. Devika Rani\\Desktop\\Citizen-Grievance-System\\backend\\node_modules\\express\\lib\\router\\index.js:346:12)\n    at next (C:\\Users\\M. Devika Rani\\Desktop\\Citizen-Grievance-System\\backend\\node_modules\\express\\lib\\router\\index.js:280:10)\n    at router.handle (C:\\Users\\M. Devika Rani\\Desktop\\Citizen-Grievance-System\\backend\\node_modules\\express\\lib\\router\\index.js:175:3)","method":"GET","service":"citizen-grievance-backend","statusCode":401,"timestamp":"2026-05-25 23:49:08","url":"/api/dashboard/stats"}
{"ip":"::1","level":"warn","message":"GET /api/dashboard/stats 401 1ms","method":"GET","responseTimeMs":1,"service":"citizen-grievance-backend","statusCode":401,"timestamp":"2026-05-25 23:49:08","url":"/api/dashboard/stats"}
{"ip":"::1","level":"error","message":"Error: Not authorized, token missing\n    at C:\\Users\\M. Devika Rani\\Desktop\\Citizen-Grievance-System\\backend\\src\\middleware\\authMiddleware.js:31:11\n    at C:\\Users\\M. Devika Rani\\Desktop\\Citizen-Grievance-System\\backend\\src\\utils\\asyncHandler.js:7:21\n    at Layer.handle [as handle_request] (C:\\Users\\M. Devika Rani\\Desktop\\Citizen-Grievance-System\\backend\\node_modules\\express\\lib\\router\\layer.js:95:5)\n    at next (C:\\Users\\M. Devika Rani\\Desktop\\Citizen-Grievance-System\\backend\\node_modules\\express\\lib\\router\\route.js:149:13)\n    at Route.dispatch (C:\\Users\\M. Devika Rani\\Desktop\\Citizen-Grievance-System\\backend\\node_modules\\express\\lib\\router\\route.js:119:3)\n    at Layer.handle [as handle_request] (C:\\Users\\M. Devika Rani\\Desktop\\Citizen-Grievance-System\\backend\\node_modules\\express\\lib\\router\\layer.js:95:5)\n    at C:\\Users\\M. Devika Rani\\Desktop\\Citizen-Grievance-System\\backend\\node_modules\\express\\lib\\router\\index.js:284:15\n    at router.process_params (C:\\Users\\M. Devika Rani\\Desktop\\Citizen-Grievance-System\\backend\\node_modules\\express\\lib\\router\\index.js:346:12)\n    at next (C:\\Users\\M. Devika Rani\\Desktop\\Citizen-Grievance-System\\backend\\node_modules\\express\\lib\\router\\index.js:280:10)\n    at router.handle (C:\\Users\\M. Devika Rani\\Desktop\\Citizen-Grievance-System\\backend\\node_modules\\express\\lib\\router\\index.js:175:3)","method":"GET","service":"citizen-grievance-backend","statusCode":401,"timestamp":"2026-05-25 23:49:08","url":"/api/dashboard/stats"}
{"ip":"::1","level":"warn","message":"GET /api/dashboard/stats 401 2ms","method":"GET","responseTimeMs":2,"service":"citizen-grievance-backend","statusCode":401,"timestamp":"2026-05-25 23:49:08","url":"/api/dashboard/stats"}
{"ip":"::1","level":"info","message":"GET /api/departments 200 11ms","method":"GET","responseTimeMs":11,"service":"citizen-grievance-backend","statusCode":200,"timestamp":"2026-05-25 23:49:08","url":"/api/departments"}
{"ip":"::1","level":"warn","message":"Unauthorized attempt: token missing","method":"GET","service":"citizen-grievance-backend","timestamp":"2026-05-25 23:49:08","url":"/api/dashboard/stats"}
{"ip":"::1","level":"error","message":"Error: Not authorized, token missing\n    at C:\\Users\\M. Devika Rani\\Desktop\\Citizen-Grievance-System\\backend\\src\\middleware\\authMiddleware.js:31:11\n    at C:\\Users\\M. Devika Rani\\Desktop\\Citizen-Grievance-System\\backend\\src\\utils\\asyncHandler.js:7:21\n    at Layer.handle [as handle_request] (C:\\Users\\M. Devika Rani\\Desktop\\Citizen-Grievance-System\\backend\\node_modules\\express\\lib\\router\\layer.js:95:5)\n    at next (C:\\Users\\M. Devika Rani\\Desktop\\Citizen-Grievance-System\\backend\\node_modules\\express\\lib\\router\\route.js:149:13)\n    at Route.dispatch (C:\\Users\\M. Devika Rani\\Desktop\\Citizen-Grievance-System\\backend\\node_modules\\express\\lib\\router\\route.js:119:3)\n    at Layer.handle [as handle_request] (C:\\Users\\M. Devika Rani\\Desktop\\Citizen-Grievance-System\\backend\\node_modules\\express\\lib\\router\\layer.js:95:5)\n    at C:\\Users\\M. Devika Rani\\Desktop\\Citizen-Grievance-System\\backend\\node_modules\\express\\lib\\router\\index.js:284:15\n    at router.process_params (C:\\Users\\M. Devika Rani\\Desktop\\Citizen-Grievance-System\\backend\\node_modules\\express\\lib\\router\\index.js:346:12)\n    at next (C:\\Users\\M. Devika Rani\\Desktop\\Citizen-Grievance-System\\backend\\node_modules\\express\\lib\\router\\index.js:280:10)\n    at router.handle (C:\\Users\\M. Devika Rani\\Desktop\\Citizen-Grievance-System\\backend\\node_modules\\express\\lib\\router\\index.js:175:3)","method":"GET","service":"citizen-grievance-backend","statusCode":401,"timestamp":"2026-05-25 23:49:08","url":"/api/dashboard/stats"}
{"ip":"::1","level":"warn","message":"GET /api/dashboard/stats 401 2ms","method":"GET","responseTimeMs":2,"service":"citizen-grievance-backend","statusCode":401,"timestamp":"2026-05-25 23:49:08","url":"/api/dashboard/stats"}
{"ip":"::1","level":"warn","message":"Unauthorized attempt: token missing","method":"GET","service":"citizen-grievance-backend","timestamp":"2026-05-25 23:49:08","url":"/api/complaints"}
{"ip":"::1","level":"error","message":"Error: Not authorized, token missing\n    at C:\\Users\\M. Devika Rani\\Desktop\\Citizen-Grievance-System\\backend\\src\\middleware\\authMiddleware.js:31:11\n    at C:\\Users\\M. Devika Rani\\Desktop\\Citizen-Grievance-System\\backend\\src\\utils\\asyncHandler.js:7:21\n    at Layer.handle [as handle_request] (C:\\Users\\M. Devika Rani\\Desktop\\Citizen-Grievance-System\\backend\\node_modules\\express\\lib\\router\\layer.js:95:5)\n    at trim_prefix (C:\\Users\\M. Devika Rani\\Desktop\\Citizen-Grievance-System\\backend\\node_modules\\express\\lib\\router\\index.js:328:13)\n    at C:\\Users\\M. Devika Rani\\Desktop\\Citizen-Grievance-System\\backend\\node_modules\\express\\lib\\router\\index.js:286:9\n    at router.process_params (C:\\Users\\M. Devika Rani\\Desktop\\Citizen-Grievance-System\\backend\\node_modules\\express\\lib\\router\\index.js:346:12)\n    at next (C:\\Users\\M. Devika Rani\\Desktop\\Citizen-Grievance-System\\backend\\node_modules\\express\\lib\\router\\index.js:280:10)\n    at router.handle (C:\\Users\\M. Devika Rani\\Desktop\\Citizen-Grievance-System\\backend\\node_modules\\express\\lib\\router\\index.js:175:3)\n    at router (C:\\Users\\M. Devika Rani\\Desktop\\Citizen-Grievance-System\\backend\\node_modules\\express\\lib\\router\\index.js:47:12)\n    at Layer.handle [as handle_request] (C:\\Users\\M. Devika Rani\\Desktop\\Citizen-Grievance-System\\backend\\node_modules\\express\\lib\\router\\layer.js:95:5)","method":"GET","service":"citizen-grievance-backend","statusCode":401,"timestamp":"2026-05-25 23:49:08","url":"/api/complaints"}
{"ip":"::1","level":"warn","message":"GET /api/complaints 401 2ms","method":"GET","responseTimeMs":2,"service":"citizen-grievance-backend","statusCode":401,"timestamp":"2026-05-25 23:49:08","url":"/api/complaints"}
{"ip":"::1","level":"info","message":"GET /api/governance/timeline 304 26ms","method":"GET","responseTimeMs":26,"service":"citizen-grievance-backend","statusCode":304,"timestamp":"2026-05-25 23:49:08","url":"/api/governance/timeline"}
{"ip":"::1","level":"warn","message":"Unauthorized attempt: token missing","method":"GET","service":"citizen-grievance-backend","timestamp":"2026-05-25 23:49:08","url":"/api/dashboard/stats"}
{"ip":"::1","level":"error","message":"Error: Not authorized, token missing\n    at C:\\Users\\M. Devika Rani\\Desktop\\Citizen-Grievance-System\\backend\\src\\middleware\\authMiddleware.js:31:11\n    at C:\\Users\\M. Devika Rani\\Desktop\\Citizen-Grievance-System\\backend\\src\\utils\\asyncHandler.js:7:21\n    at Layer.handle [as handle_request] (C:\\Users\\M. Devika Rani\\Desktop\\Citizen-Grievance-System\\backend\\node_modules\\express\\lib\\router\\layer.js:95:5)\n    at next (C:\\Users\\M. Devika Rani\\Desktop\\Citizen-Grievance-System\\backend\\node_modules\\express\\lib\\router\\route.js:149:13)\n    at Route.dispatch (C:\\Users\\M. Devika Rani\\Desktop\\Citizen-Grievance-System\\backend\\node_modules\\express\\lib\\router\\route.js:119:3)\n    at Layer.handle [as handle_request] (C:\\Users\\M. Devika Rani\\Desktop\\Citizen-Grievance-System\\backend\\node_modules\\express\\lib\\router\\layer.js:95:5)\n    at C:\\Users\\M. Devika Rani\\Desktop\\Citizen-Grievance-System\\backend\\node_modules\\express\\lib\\router\\index.js:284:15\n    at router.process_params (C:\\Users\\M. Devika Rani\\Desktop\\Citizen-Grievance-System\\backend\\node_modules\\express\\lib\\router\\index.js:346:12)\n    at next (C:\\Users\\M. Devika Rani\\Desktop\\Citizen-Grievance-System\\backend\\node_modules\\express\\lib\\router\\index.js:280:10)\n    at router.handle (C:\\Users\\M. Devika Rani\\Desktop\\Citizen-Grievance-System\\backend\\node_modules\\express\\lib\\router\\index.js:175:3)","method":"GET","service":"citizen-grievance-backend","statusCode":401,"timestamp":"2026-05-25 23:49:08","url":"/api/dashboard/stats"}
{"ip":"::1","level":"warn","message":"GET /api/dashboard/stats 401 3ms","method":"GET","responseTimeMs":3,"service":"citizen-grievance-backend","statusCode":401,"timestamp":"2026-05-25 23:49:08","url":"/api/dashboard/stats"}
{"ip":"::1","level":"warn","message":"Unauthorized attempt: token missing","method":"GET","service":"citizen-grievance-backend","timestamp":"2026-05-25 23:49:08","url":"/api/dashboard/stats"}
{"ip":"::1","level":"error","message":"Error: Not authorized, token missing\n    at C:\\Users\\M. Devika Rani\\Desktop\\Citizen-Grievance-System\\backend\\src\\middleware\\authMiddleware.js:31:11\n    at C:\\Users\\M. Devika Rani\\Desktop\\Citizen-Grievance-System\\backend\\src\\utils\\asyncHandler.js:7:21\n    at Layer.handle [as handle_request] (C:\\Users\\M. Devika Rani\\Desktop\\Citizen-Grievance-System\\backend\\node_modules\\express\\lib\\router\\layer.js:95:5)\n    at next (C:\\Users\\M. Devika Rani\\Desktop\\Citizen-Grievance-System\\backend\\node_modules\\express\\lib\\router\\route.js:149:13)\n    at Route.dispatch (C:\\Users\\M. Devika Rani\\Desktop\\Citizen-Grievance-System\\backend\\node_modules\\express\\lib\\router\\route.js:119:3)\n    at Layer.handle [as handle_request] (C:\\Users\\M. Devika Rani\\Desktop\\Citizen-Grievance-System\\backend\\node_modules\\express\\lib\\router\\layer.js:95:5)\n    at C:\\Users\\M. Devika Rani\\Desktop\\Citizen-Grievance-System\\backend\\node_modules\\express\\lib\\router\\index.js:284:15\n    at router.process_params (C:\\Users\\M. Devika Rani\\Desktop\\Citizen-Grievance-System\\backend\\node_modules\\express\\lib\\router\\index.js:346:12)\n    at next (C:\\Users\\M. Devika Rani\\Desktop\\Citizen-Grievance-System\\backend\\node_modules\\express\\lib\\router\\index.js:280:10)\n    at router.handle (C:\\Users\\M. Devika Rani\\Desktop\\Citizen-Grievance-System\\backend\\node_modules\\express\\lib\\router\\index.js:175:3)","method":"GET","service":"citizen-grievance-backend","statusCode":401,"timestamp":"2026-05-25 23:49:08","url":"/api/dashboard/stats"}
{"ip":"::1","level":"warn","message":"GET /api/dashboard/stats 401 2ms","method":"GET","responseTimeMs":2,"service":"citizen-grievance-backend","statusCode":401,"timestamp":"2026-05-25 23:49:08","url":"/api/dashboard/stats"}
{"ip":"::1","level":"info","message":"GET /api/updates/live 200 19ms","method":"GET","responseTimeMs":19,"service":"citizen-grievance-backend","statusCode":200,"timestamp":"2026-05-25 23:49:08","url":"/api/updates/live"}
{"ip":"::1","level":"warn","message":"Unauthorized attempt: token missing","method":"GET","service":"citizen-grievance-backend","timestamp":"2026-05-25 23:49:11","url":"/api/complaints"}
{"ip":"::1","level":"error","message":"Error: Not authorized, token missing\n    at C:\\Users\\M. Devika Rani\\Desktop\\Citizen-Grievance-System\\backend\\src\\middleware\\authMiddleware.js:31:11\n    at C:\\Users\\M. Devika Rani\\Desktop\\Citizen-Grievance-System\\backend\\src\\utils\\asyncHandler.js:7:21\n    at Layer.handle [as handle_request] (C:\\Users\\M. Devika Rani\\Desktop\\Citizen-Grievance-System\\backend\\node_modules\\express\\lib\\router\\layer.js:95:5)\n    at trim_prefix (C:\\Users\\M. Devika Rani\\Desktop\\Citizen-Grievance-System\\backend\\node_modules\\express\\lib\\router\\index.js:328:13)\n    at C:\\Users\\M. Devika Rani\\Desktop\\Citizen-Grievance-System\\backend\\node_modules\\express\\lib\\router\\index.js:286:9\n    at router.process_params (C:\\Users\\M. Devika Rani\\Desktop\\Citizen-Grievance-System\\backend\\node_modules\\express\\lib\\router\\index.js:346:12)\n    at next (C:\\Users\\M. Devika Rani\\Desktop\\Citizen-Grievance-System\\backend\\node_modules\\express\\lib\\router\\index.js:280:10)\n    at router.handle (C:\\Users\\M. Devika Rani\\Desktop\\Citizen-Grievance-System\\backend\\node_modules\\express\\lib\\router\\index.js:175:3)\n    at router (C:\\Users\\M. Devika Rani\\Desktop\\Citizen-Grievance-System\\backend\\node_modules\\express\\lib\\router\\index.js:47:12)\n    at Layer.handle [as handle_request] (C:\\Users\\M. Devika Rani\\Desktop\\Citizen-Grievance-System\\backend\\node_modules\\express\\lib\\router\\layer.js:95:5)","method":"GET","service":"citizen-grievance-backend","statusCode":401,"timestamp":"2026-05-25 23:49:11","url":"/api/complaints"}
{"ip":"::1","level":"warn","message":"GET /api/complaints 401 2ms","method":"GET","responseTimeMs":2,"service":"citizen-grievance-backend","statusCode":401,"timestamp":"2026-05-25 23:49:11","url":"/api/complaints"}
{"ip":"::1","level":"warn","message":"Unauthorized attempt: token missing","method":"GET","service":"citizen-grievance-backend","timestamp":"2026-05-25 23:49:11","url":"/api/dashboard/stats"}
{"ip":"::1","level":"warn","message":"Unauthorized attempt: token missing","method":"GET","service":"citizen-grievance-backend","timestamp":"2026-05-25 23:49:11","url":"/api/dashboard/stats"}
{"ip":"::1","level":"error","message":"Error: Not authorized, token missing\n    at C:\\Users\\M. Devika Rani\\Desktop\\Citizen-Grievance-System\\backend\\src\\middleware\\authMiddleware.js:31:11\n    at C:\\Users\\M. Devika Rani\\Desktop\\Citizen-Grievance-System\\backend\\src\\utils\\asyncHandler.js:7:21\n    at Layer.handle [as handle_request] (C:\\Users\\M. Devika Rani\\Desktop\\Citizen-Grievance-System\\backend\\node_modules\\express\\lib\\router\\layer.js:95:5)\n    at next (C:\\Users\\M. Devika Rani\\Desktop\\Citizen-Grievance-System\\backend\\node_modules\\express\\lib\\router\\route.js:149:13)\n    at Route.dispatch (C:\\Users\\M. Devika Rani\\Desktop\\Citizen-Grievance-System\\backend\\node_modules\\express\\lib\\router\\route.js:119:3)\n    at Layer.handle [as handle_request] (C:\\Users\\M. Devika Rani\\Desktop\\Citizen-Grievance-System\\backend\\node_modules\\express\\lib\\router\\layer.js:95:5)\n    at C:\\Users\\M. Devika Rani\\Desktop\\Citizen-Grievance-System\\backend\\node_modules\\express\\lib\\router\\index.js:284:15\n    at router.process_params (C:\\Users\\M. Devika Rani\\Desktop\\Citizen-Grievance-System\\backend\\node_modules\\express\\lib\\router\\index.js:346:12)\n    at next (C:\\Users\\M. Devika Rani\\Desktop\\Citizen-Grievance-System\\backend\\node_modules\\express\\lib\\router\\index.js:280:10)\n    at router.handle (C:\\Users\\M. Devika Rani\\Desktop\\Citizen-Grievance-System\\backend\\node_modules\\express\\lib\\router\\index.js:175:3)","method":"GET","service":"citizen-grievance-backend","statusCode":401,"timestamp":"2026-05-25 23:49:11","url":"/api/dashboard/stats"}
{"ip":"::1","level":"warn","message":"GET /api/dashboard/stats 401 2ms","method":"GET","responseTimeMs":2,"service":"citizen-grievance-backend","statusCode":401,"timestamp":"2026-05-25 23:49:11","url":"/api/dashboard/stats"}
{"ip":"::1","level":"error","message":"Error: Not authorized, token missing\n    at C:\\Users\\M. Devika Rani\\Desktop\\Citizen-Grievance-System\\backend\\src\\middleware\\authMiddleware.js:31:11\n    at C:\\Users\\M. Devika Rani\\Desktop\\Citizen-Grievance-System\\backend\\src\\utils\\asyncHandler.js:7:21\n    at Layer.handle [as handle_request] (C:\\Users\\M. Devika Rani\\Desktop\\Citizen-Grievance-System\\backend\\node_modules\\express\\lib\\router\\layer.js:95:5)\n    at next (C:\\Users\\M. Devika Rani\\Desktop\\Citizen-Grievance-System\\backend\\node_modules\\express\\lib\\router\\route.js:149:13)\n    at Route.dispatch (C:\\Users\\M. Devika Rani\\Desktop\\Citizen-Grievance-System\\backend\\node_modules\\express\\lib\\router\\route.js:119:3)\n    at Layer.handle [as handle_request] (C:\\Users\\M. Devika Rani\\Desktop\\Citizen-Grievance-System\\backend\\node_modules\\express\\lib\\router\\layer.js:95:5)\n    at C:\\Users\\M. Devika Rani\\Desktop\\Citizen-Grievance-System\\backend\\node_modules\\express\\lib\\router\\index.js:284:15\n    at router.process_params (C:\\Users\\M. Devika Rani\\Desktop\\Citizen-Grievance-System\\backend\\node_modules\\express\\lib\\router\\index.js:346:12)\n    at next (C:\\Users\\M. Devika Rani\\Desktop\\Citizen-Grievance-System\\backend\\node_modules\\express\\lib\\router\\index.js:280:10)\n    at router.handle (C:\\Users\\M. Devika Rani\\Desktop\\Citizen-Grievance-System\\backend\\node_modules\\express\\lib\\router\\index.js:175:3)","method":"GET","service":"citizen-grievance-backend","statusCode":401,"timestamp":"2026-05-25 23:49:11","url":"/api/dashboard/stats"}
{"ip":"::1","level":"warn","message":"GET /api/dashboard/stats 401 2ms","method":"GET","responseTimeMs":2,"service":"citizen-grievance-backend","statusCode":401,"timestamp":"2026-05-25 23:49:11","url":"/api/dashboard/stats"}
{"ip":"::1","level":"info","message":"GET /api/departments 200 12ms","method":"GET","responseTimeMs":12,"service":"citizen-grievance-backend","statusCode":200,"timestamp":"2026-05-25 23:49:11","url":"/api/departments"}
{"ip":"::1","level":"warn","message":"Unauthorized attempt: token missing","method":"GET","service":"citizen-grievance-backend","timestamp":"2026-05-25 23:49:11","url":"/api/dashboard/stats"}
{"ip":"::1","level":"error","message":"Error: Not authorized, token missing\n    at C:\\Users\\M. Devika Rani\\Desktop\\Citizen-Grievance-System\\backend\\src\\middleware\\authMiddleware.js:31:11\n    at C:\\Users\\M. Devika Rani\\Desktop\\Citizen-Grievance-System\\backend\\src\\utils\\asyncHandler.js:7:21\n    at Layer.handle [as handle_request] (C:\\Users\\M. Devika Rani\\Desktop\\Citizen-Grievance-System\\backend\\node_modules\\express\\lib\\router\\layer.js:95:5)\n    at next (C:\\Users\\M. Devika Rani\\Desktop\\Citizen-Grievance-System\\backend\\node_modules\\express\\lib\\router\\route.js:149:13)\n    at Route.dispatch (C:\\Users\\M. Devika Rani\\Desktop\\Citizen-Grievance-System\\backend\\node_modules\\express\\lib\\router\\route.js:119:3)\n    at Layer.handle [as handle_request] (C:\\Users\\M. Devika Rani\\Desktop\\Citizen-Grievance-System\\backend\\node_modules\\express\\lib\\router\\layer.js:95:5)\n    at C:\\Users\\M. Devika Rani\\Desktop\\Citizen-Grievance-System\\backend\\node_modules\\express\\lib\\router\\index.js:284:15\n    at router.process_params (C:\\Users\\M. Devika Rani\\Desktop\\Citizen-Grievance-System\\backend\\node_modules\\express\\lib\\router\\index.js:346:12)\n    at next (C:\\Users\\M. Devika Rani\\Desktop\\Citizen-Grievance-System\\backend\\node_modules\\express\\lib\\router\\index.js:280:10)\n    at router.handle (C:\\Users\\M. Devika Rani\\Desktop\\Citizen-Grievance-System\\backend\\node_modules\\express\\lib\\router\\index.js:175:3)","method":"GET","service":"citizen-grievance-backend","statusCode":401,"timestamp":"2026-05-25 23:49:11","url":"/api/dashboard/stats"}
{"ip":"::1","level":"warn","message":"GET /api/dashboard/stats 401 1ms","method":"GET","responseTimeMs":1,"service":"citizen-grievance-backend","statusCode":401,"timestamp":"2026-05-25 23:49:11","url":"/api/dashboard/stats"}
{"ip":"::1","level":"warn","message":"Unauthorized attempt: token missing","method":"GET","service":"citizen-grievance-backend","timestamp":"2026-05-25 23:49:11","url":"/api/complaints"}
{"ip":"::1","level":"error","message":"Error: Not authorized, token missing\n    at C:\\Users\\M. Devika Rani\\Desktop\\Citizen-Grievance-System\\backend\\src\\middleware\\authMiddleware.js:31:11\n    at C:\\Users\\M. Devika Rani\\Desktop\\Citizen-Grievance-System\\backend\\src\\utils\\asyncHandler.js:7:21\n    at Layer.handle [as handle_request] (C:\\Users\\M. Devika Rani\\Desktop\\Citizen-Grievance-System\\backend\\node_modules\\express\\lib\\router\\layer.js:95:5)\n    at trim_prefix (C:\\Users\\M. Devika Rani\\Desktop\\Citizen-Grievance-System\\backend\\node_modules\\express\\lib\\router\\index.js:328:13)\n    at C:\\Users\\M. Devika Rani\\Desktop\\Citizen-Grievance-System\\backend\\node_modules\\express\\lib\\router\\index.js:286:9\n    at router.process_params (C:\\Users\\M. Devika Rani\\Desktop\\Citizen-Grievance-System\\backend\\node_modules\\express\\lib\\router\\index.js:346:12)\n    at next (C:\\Users\\M. Devika Rani\\Desktop\\Citizen-Grievance-System\\backend\\node_modules\\express\\lib\\router\\index.js:280:10)\n    at router.handle (C:\\Users\\M. Devika Rani\\Desktop\\Citizen-Grievance-System\\backend\\node_modules\\express\\lib\\router\\index.js:175:3)\n    at router (C:\\Users\\M. Devika Rani\\Desktop\\Citizen-Grievance-System\\backend\\node_modules\\express\\lib\\router\\index.js:47:12)\n    at Layer.handle [as handle_request] (C:\\Users\\M. Devika Rani\\Desktop\\Citizen-Grievance-System\\backend\\node_modules\\express\\lib\\router\\layer.js:95:5)","method":"GET","service":"citizen-grievance-backend","statusCode":401,"timestamp":"2026-05-25 23:49:11","url":"/api/complaints"}
{"ip":"::1","level":"warn","message":"GET /api/complaints 401 1ms","method":"GET","responseTimeMs":1,"service":"citizen-grievance-backend","statusCode":401,"timestamp":"2026-05-25 23:49:11","url":"/api/complaints"}
{"ip":"::1","level":"warn","message":"Unauthorized attempt: token missing","method":"GET","service":"citizen-grievance-backend","timestamp":"2026-05-25 23:49:11","url":"/api/dashboard/stats"}
{"ip":"::1","level":"error","message":"Error: Not authorized, token missing\n    at C:\\Users\\M. Devika Rani\\Desktop\\Citizen-Grievance-System\\backend\\src\\middleware\\authMiddleware.js:31:11\n    at C:\\Users\\M. Devika Rani\\Desktop\\Citizen-Grievance-System\\backend\\src\\utils\\asyncHandler.js:7:21\n    at Layer.handle [as handle_request] (C:\\Users\\M. Devika Rani\\Desktop\\Citizen-Grievance-System\\backend\\node_modules\\express\\lib\\router\\layer.js:95:5)\n    at next (C:\\Users\\M. Devika Rani\\Desktop\\Citizen-Grievance-System\\backend\\node_modules\\express\\lib\\router\\route.js:149:13)\n    at Route.dispatch (C:\\Users\\M. Devika Rani\\Desktop\\Citizen-Grievance-System\\backend\\node_modules\\express\\lib\\router\\route.js:119:3)\n    at Layer.handle [as handle_request] (C:\\Users\\M. Devika Rani\\Desktop\\Citizen-Grievance-System\\backend\\node_modules\\express\\lib\\router\\layer.js:95:5)\n    at C:\\Users\\M. Devika Rani\\Desktop\\Citizen-Grievance-System\\backend\\node_modules\\express\\lib\\router\\index.js:284:15\n    at router.process_params (C:\\Users\\M. Devika Rani\\Desktop\\Citizen-Grievance-System\\backend\\node_modules\\express\\lib\\router\\index.js:346:12)\n    at next (C:\\Users\\M. Devika Rani\\Desktop\\Citizen-Grievance-System\\backend\\node_modules\\express\\lib\\router\\index.js:280:10)\n    at router.handle (C:\\Users\\M. Devika Rani\\Desktop\\Citizen-Grievance-System\\backend\\node_modules\\express\\lib\\router\\index.js:175:3)","method":"GET","service":"citizen-grievance-backend","statusCode":401,"timestamp":"2026-05-25 23:49:11","url":"/api/dashboard/stats"}
{"ip":"::1","level":"warn","message":"GET /api/dashboard/stats 401 13ms","method":"GET","responseTimeMs":13,"service":"citizen-grievance-backend","statusCode":401,"timestamp":"2026-05-25 23:49:11","url":"/api/dashboard/stats"}
{"ip":"::1","level":"info","message":"GET /api/governance/timeline 304 24ms","method":"GET","responseTimeMs":24,"service":"citizen-grievance-backend","statusCode":304,"timestamp":"2026-05-25 23:49:11","url":"/api/governance/timeline"}
{"ip":"::1","level":"warn","message":"Unauthorized attempt: token missing","method":"GET","service":"citizen-grievance-backend","timestamp":"2026-05-25 23:49:11","url":"/api/dashboard/stats"}
{"ip":"::1","level":"error","message":"Error: Not authorized, token missing\n    at C:\\Users\\M. Devika Rani\\Desktop\\Citizen-Grievance-System\\backend\\src\\middleware\\authMiddleware.js:31:11\n    at C:\\Users\\M. Devika Rani\\Desktop\\Citizen-Grievance-System\\backend\\src\\utils\\asyncHandler.js:7:21\n    at Layer.handle [as handle_request] (C:\\Users\\M. Devika Rani\\Desktop\\Citizen-Grievance-System\\backend\\node_modules\\express\\lib\\router\\layer.js:95:5)\n    at next (C:\\Users\\M. Devika Rani\\Desktop\\Citizen-Grievance-System\\backend\\node_modules\\express\\lib\\router\\route.js:149:13)\n    at Route.dispatch (C:\\Users\\M. Devika Rani\\Desktop\\Citizen-Grievance-System\\backend\\node_modules\\express\\lib\\router\\route.js:119:3)\n    at Layer.handle [as handle_request] (C:\\Users\\M. Devika Rani\\Desktop\\Citizen-Grievance-System\\backend\\node_modules\\express\\lib\\router\\layer.js:95:5)\n    at C:\\Users\\M. Devika Rani\\Desktop\\Citizen-Grievance-System\\backend\\node_modules\\express\\lib\\router\\index.js:284:15\n    at router.process_params (C:\\Users\\M. Devika Rani\\Desktop\\Citizen-Grievance-System\\backend\\node_modules\\express\\lib\\router\\index.js:346:12)\n    at next (C:\\Users\\M. Devika Rani\\Desktop\\Citizen-Grievance-System\\backend\\node_modules\\express\\lib\\router\\index.js:280:10)\n    at router.handle (C:\\Users\\M. Devika Rani\\Desktop\\Citizen-Grievance-System\\backend\\node_modules\\express\\lib\\router\\index.js:175:3)","method":"GET","service":"citizen-grievance-backend","statusCode":401,"timestamp":"2026-05-25 23:49:11","url":"/api/dashboard/stats"}
{"ip":"::1","level":"warn","message":"GET /api/dashboard/stats 401 2ms","method":"GET","responseTimeMs":2,"service":"citizen-grievance-backend","statusCode":401,"timestamp":"2026-05-25 23:49:11","url":"/api/dashboard/stats"}
{"ip":"::1","level":"info","message":"GET /api/updates/live 200 15ms","method":"GET","responseTimeMs":15,"service":"citizen-grievance-backend","statusCode":200,"timestamp":"2026-05-25 23:49:11","url":"/api/updates/live"}
{"ip":"::1","level":"warn","message":"Unauthorized attempt: token missing","method":"GET","service":"citizen-grievance-backend","timestamp":"2026-05-25 23:49:45","url":"/api/complaints"}
{"ip":"::1","level":"error","message":"Error: Not authorized, token missing\n    at C:\\Users\\M. Devika Rani\\Desktop\\Citizen-Grievance-System\\backend\\src\\middleware\\authMiddleware.js:31:11\n    at C:\\Users\\M. Devika Rani\\Desktop\\Citizen-Grievance-System\\backend\\src\\utils\\asyncHandler.js:7:21\n    at Layer.handle [as handle_request] (C:\\Users\\M. Devika Rani\\Desktop\\Citizen-Grievance-System\\backend\\node_modules\\express\\lib\\router\\layer.js:95:5)\n    at trim_prefix (C:\\Users\\M. Devika Rani\\Desktop\\Citizen-Grievance-System\\backend\\node_modules\\express\\lib\\router\\index.js:328:13)\n    at C:\\Users\\M. Devika Rani\\Desktop\\Citizen-Grievance-System\\backend\\node_modules\\express\\lib\\router\\index.js:286:9\n    at router.process_params (C:\\Users\\M. Devika Rani\\Desktop\\Citizen-Grievance-System\\backend\\node_modules\\express\\lib\\router\\index.js:346:12)\n    at next (C:\\Users\\M. Devika Rani\\Desktop\\Citizen-Grievance-System\\backend\\node_modules\\express\\lib\\router\\index.js:280:10)\n    at router.handle (C:\\Users\\M. Devika Rani\\Desktop\\Citizen-Grievance-System\\backend\\node_modules\\express\\lib\\router\\index.js:175:3)\n    at router (C:\\Users\\M. Devika Rani\\Desktop\\Citizen-Grievance-System\\backend\\node_modules\\express\\lib\\router\\index.js:47:12)\n    at Layer.handle [as handle_request] (C:\\Users\\M. Devika Rani\\Desktop\\Citizen-Grievance-System\\backend\\node_modules\\express\\lib\\router\\layer.js:95:5)","method":"GET","service":"citizen-grievance-backend","statusCode":401,"timestamp":"2026-05-25 23:49:45","url":"/api/complaints"}
{"ip":"::1","level":"warn","message":"GET /api/complaints 401 2ms","method":"GET","responseTimeMs":2,"service":"citizen-grievance-backend","statusCode":401,"timestamp":"2026-05-25 23:49:45","url":"/api/complaints"}
{"ip":"::1","level":"warn","message":"Unauthorized attempt: token missing","method":"GET","service":"citizen-grievance-backend","timestamp":"2026-05-25 23:49:45","url":"/api/dashboard/stats"}
{"ip":"::1","level":"warn","message":"Unauthorized attempt: token missing","method":"GET","service":"citizen-grievance-backend","timestamp":"2026-05-25 23:49:45","url":"/api/dashboard/stats"}
{"ip":"::1","level":"error","message":"Error: Not authorized, token missing\n    at C:\\Users\\M. Devika Rani\\Desktop\\Citizen-Grievance-System\\backend\\src\\middleware\\authMiddleware.js:31:11\n    at C:\\Users\\M. Devika Rani\\Desktop\\Citizen-Grievance-System\\backend\\src\\utils\\asyncHandler.js:7:21\n    at Layer.handle [as handle_request] (C:\\Users\\M. Devika Rani\\Desktop\\Citizen-Grievance-System\\backend\\node_modules\\express\\lib\\router\\layer.js:95:5)\n    at next (C:\\Users\\M. Devika Rani\\Desktop\\Citizen-Grievance-System\\backend\\node_modules\\express\\lib\\router\\route.js:149:13)\n    at Route.dispatch (C:\\Users\\M. Devika Rani\\Desktop\\Citizen-Grievance-System\\backend\\node_modules\\express\\lib\\router\\route.js:119:3)\n    at Layer.handle [as handle_request] (C:\\Users\\M. Devika Rani\\Desktop\\Citizen-Grievance-System\\backend\\node_modules\\express\\lib\\router\\layer.js:95:5)\n    at C:\\Users\\M. Devika Rani\\Desktop\\Citizen-Grievance-System\\backend\\node_modules\\express\\lib\\router\\index.js:284:15\n    at router.process_params (C:\\Users\\M. Devika Rani\\Desktop\\Citizen-Grievance-System\\backend\\node_modules\\express\\lib\\router\\index.js:346:12)\n    at next (C:\\Users\\M. Devika Rani\\Desktop\\Citizen-Grievance-System\\backend\\node_modules\\express\\lib\\router\\index.js:280:10)\n    at router.handle (C:\\Users\\M. Devika Rani\\Desktop\\Citizen-Grievance-System\\backend\\node_modules\\express\\lib\\router\\index.js:175:3)","method":"GET","service":"citizen-grievance-backend","statusCode":401,"timestamp":"2026-05-25 23:49:45","url":"/api/dashboard/stats"}
{"ip":"::1","level":"warn","message":"GET /api/dashboard/stats 401 4ms","method":"GET","responseTimeMs":4,"service":"citizen-grievance-backend","statusCode":401,"timestamp":"2026-05-25 23:49:45","url":"/api/dashboard/stats"}
{"ip":"::1","level":"error","message":"Error: Not authorized, token missing\n    at C:\\Users\\M. Devika Rani\\Desktop\\Citizen-Grievance-System\\backend\\src\\middleware\\authMiddleware.js:31:11\n    at C:\\Users\\M. Devika Rani\\Desktop\\Citizen-Grievance-System\\backend\\src\\utils\\asyncHandler.js:7:21\n    at Layer.handle [as handle_request] (C:\\Users\\M. Devika Rani\\Desktop\\Citizen-Grievance-System\\backend\\node_modules\\express\\lib\\router\\layer.js:95:5)\n    at next (C:\\Users\\M. Devika Rani\\Desktop\\Citizen-Grievance-System\\backend\\node_modules\\express\\lib\\router\\route.js:149:13)\n    at Route.dispatch (C:\\Users\\M. Devika Rani\\Desktop\\Citizen-Grievance-System\\backend\\node_modules\\express\\lib\\router\\route.js:119:3)\n    at Layer.handle [as handle_request] (C:\\Users\\M. Devika Rani\\Desktop\\Citizen-Grievance-System\\backend\\node_modules\\express\\lib\\router\\layer.js:95:5)\n    at C:\\Users\\M. Devika Rani\\Desktop\\Citizen-Grievance-System\\backend\\node_modules\\express\\lib\\router\\index.js:284:15\n    at router.process_params (C:\\Users\\M. Devika Rani\\Desktop\\Citizen-Grievance-System\\backend\\node_modules\\express\\lib\\router\\index.js:346:12)\n    at next (C:\\Users\\M. Devika Rani\\Desktop\\Citizen-Grievance-System\\backend\\node_modules\\express\\lib\\router\\index.js:280:10)\n    at router.handle (C:\\Users\\M. Devika Rani\\Desktop\\Citizen-Grievance-System\\backend\\node_modules\\express\\lib\\router\\index.js:175:3)","method":"GET","service":"citizen-grievance-backend","statusCode":401,"timestamp":"2026-05-25 23:49:45","url":"/api/dashboard/stats"}
{"ip":"::1","level":"warn","message":"GET /api/dashboard/stats 401 2ms","method":"GET","responseTimeMs":2,"service":"citizen-grievance-backend","statusCode":401,"timestamp":"2026-05-25 23:49:45","url":"/api/dashboard/stats"}
{"ip":"::1","level":"info","message":"GET /api/departments 200 19ms","method":"GET","responseTimeMs":19,"service":"citizen-grievance-backend","statusCode":200,"timestamp":"2026-05-25 23:49:45","url":"/api/departments"}
{"ip":"::1","level":"warn","message":"Unauthorized attempt: token missing","method":"GET","service":"citizen-grievance-backend","timestamp":"2026-05-25 23:49:45","url":"/api/dashboard/stats"}
{"ip":"::1","level":"error","message":"Error: Not authorized, token missing\n    at C:\\Users\\M. Devika Rani\\Desktop\\Citizen-Grievance-System\\backend\\src\\middleware\\authMiddleware.js:31:11\n    at C:\\Users\\M. Devika Rani\\Desktop\\Citizen-Grievance-System\\backend\\src\\utils\\asyncHandler.js:7:21\n    at Layer.handle [as handle_request] (C:\\Users\\M. Devika Rani\\Desktop\\Citizen-Grievance-System\\backend\\node_modules\\express\\lib\\router\\layer.js:95:5)\n    at next (C:\\Users\\M. Devika Rani\\Desktop\\Citizen-Grievance-System\\backend\\node_modules\\express\\lib\\router\\route.js:149:13)\n    at Route.dispatch (C:\\Users\\M. Devika Rani\\Desktop\\Citizen-Grievance-System\\backend\\node_modules\\express\\lib\\router\\route.js:119:3)\n    at Layer.handle [as handle_request] (C:\\Users\\M. Devika Rani\\Desktop\\Citizen-Grievance-System\\backend\\node_modules\\express\\lib\\router\\layer.js:95:5)\n    at C:\\Users\\M. Devika Rani\\Desktop\\Citizen-Grievance-System\\backend\\node_modules\\express\\lib\\router\\index.js:284:15\n    at router.process_params (C:\\Users\\M. Devika Rani\\Desktop\\Citizen-Grievance-System\\backend\\node_modules\\express\\lib\\router\\index.js:346:12)\n    at next (C:\\Users\\M. Devika Rani\\Desktop\\Citizen-Grievance-System\\backend\\node_modules\\express\\lib\\router\\index.js:280:10)\n    at router.handle (C:\\Users\\M. Devika Rani\\Desktop\\Citizen-Grievance-System\\backend\\node_modules\\express\\lib\\router\\index.js:175:3)","method":"GET","service":"citizen-grievance-backend","statusCode":401,"timestamp":"2026-05-25 23:49:45","url":"/api/dashboard/stats"}
{"ip":"::1","level":"warn","message":"GET /api/dashboard/stats 401 6ms","method":"GET","responseTimeMs":6,"service":"citizen-grievance-backend","statusCode":401,"timestamp":"2026-05-25 23:49:45","url":"/api/dashboard/stats"}
{"ip":"::1","level":"warn","message":"Unauthorized attempt: token missing","method":"GET","service":"citizen-grievance-backend","timestamp":"2026-05-25 23:49:46","url":"/api/complaints"}
{"ip":"::1","level":"error","message":"Error: Not authorized, token missing\n    at C:\\Users\\M. Devika Rani\\Desktop\\Citizen-Grievance-System\\backend\\src\\middleware\\authMiddleware.js:31:11\n    at C:\\Users\\M. Devika Rani\\Desktop\\Citizen-Grievance-System\\backend\\src\\utils\\asyncHandler.js:7:21\n    at Layer.handle [as handle_request] (C:\\Users\\M. Devika Rani\\Desktop\\Citizen-Grievance-System\\backend\\node_modules\\express\\lib\\router\\layer.js:95:5)\n    at trim_prefix (C:\\Users\\M. Devika Rani\\Desktop\\Citizen-Grievance-System\\backend\\node_modules\\express\\lib\\router\\index.js:328:13)\n    at C:\\Users\\M. Devika Rani\\Desktop\\Citizen-Grievance-System\\backend\\node_modules\\express\\lib\\router\\index.js:286:9\n    at router.process_params (C:\\Users\\M. Devika Rani\\Desktop\\Citizen-Grievance-System\\backend\\node_modules\\express\\lib\\router\\index.js:346:12)\n    at next (C:\\Users\\M. Devika Rani\\Desktop\\Citizen-Grievance-System\\backend\\node_modules\\express\\lib\\router\\index.js:280:10)\n    at router.handle (C:\\Users\\M. Devika Rani\\Desktop\\Citizen-Grievance-System\\backend\\node_modules\\express\\lib\\router\\index.js:175:3)\n    at router (C:\\Users\\M. Devika Rani\\Desktop\\Citizen-Grievance-System\\backend\\node_modules\\express\\lib\\router\\index.js:47:12)\n    at Layer.handle [as handle_request] (C:\\Users\\M. Devika Rani\\Desktop\\Citizen-Grievance-System\\backend\\node_modules\\express\\lib\\router\\layer.js:95:5)","method":"GET","service":"citizen-grievance-backend","statusCode":401,"timestamp":"2026-05-25 23:49:46","url":"/api/complaints"}
{"ip":"::1","level":"warn","message":"GET /api/complaints 401 11ms","method":"GET","responseTimeMs":11,"service":"citizen-grievance-backend","statusCode":401,"timestamp":"2026-05-25 23:49:46","url":"/api/complaints"}
{"ip":"::1","level":"warn","message":"Unauthorized attempt: token missing","method":"GET","service":"citizen-grievance-backend","timestamp":"2026-05-25 23:49:46","url":"/api/dashboard/stats"}
{"ip":"::1","level":"info","message":"GET /api/governance/timeline 304 87ms","method":"GET","responseTimeMs":87,"service":"citizen-grievance-backend","statusCode":304,"timestamp":"2026-05-25 23:49:46","url":"/api/governance/timeline"}
{"ip":"::1","level":"error","message":"Error: Not authorized, token missing\n    at C:\\Users\\M. Devika Rani\\Desktop\\Citizen-Grievance-System\\backend\\src\\middleware\\authMiddleware.js:31:11\n    at C:\\Users\\M. Devika Rani\\Desktop\\Citizen-Grievance-System\\backend\\src\\utils\\asyncHandler.js:7:21\n    at Layer.handle [as handle_request] (C:\\Users\\M. Devika Rani\\Desktop\\Citizen-Grievance-System\\backend\\node_modules\\express\\lib\\router\\layer.js:95:5)\n    at next (C:\\Users\\M. Devika Rani\\Desktop\\Citizen-Grievance-System\\backend\\node_modules\\express\\lib\\router\\route.js:149:13)\n    at Route.dispatch (C:\\Users\\M. Devika Rani\\Desktop\\Citizen-Grievance-System\\backend\\node_modules\\express\\lib\\router\\route.js:119:3)\n    at Layer.handle [as handle_request] (C:\\Users\\M. Devika Rani\\Desktop\\Citizen-Grievance-System\\backend\\node_modules\\express\\lib\\router\\layer.js:95:5)\n    at C:\\Users\\M. Devika Rani\\Desktop\\Citizen-Grievance-System\\backend\\node_modules\\express\\lib\\router\\index.js:284:15\n    at router.process_params (C:\\Users\\M. Devika Rani\\Desktop\\Citizen-Grievance-System\\backend\\node_modules\\express\\lib\\router\\index.js:346:12)\n    at next (C:\\Users\\M. Devika Rani\\Desktop\\Citizen-Grievance-System\\backend\\node_modules\\express\\lib\\router\\index.js:280:10)\n    at router.handle (C:\\Users\\M. Devika Rani\\Desktop\\Citizen-Grievance-System\\backend\\node_modules\\express\\lib\\router\\index.js:175:3)","method":"GET","service":"citizen-grievance-backend","statusCode":401,"timestamp":"2026-05-25 23:49:46","url":"/api/dashboard/stats"}
{"ip":"::1","level":"warn","message":"GET /api/dashboard/stats 401 16ms","method":"GET","responseTimeMs":16,"service":"citizen-grievance-backend","statusCode":401,"timestamp":"2026-05-25 23:49:46","url":"/api/dashboard/stats"}
{"ip":"::1","level":"info","message":"GET /api/updates/live 200 27ms","method":"GET","responseTimeMs":27,"service":"citizen-grievance-backend","statusCode":200,"timestamp":"2026-05-25 23:49:46","url":"/api/updates/live"}
{"ip":"::1","level":"warn","message":"Unauthorized attempt: token missing","method":"GET","service":"citizen-grievance-backend","timestamp":"2026-05-25 23:49:46","url":"/api/dashboard/stats"}
{"ip":"::1","level":"error","message":"Error: Not authorized, token missing\n    at C:\\Users\\M. Devika Rani\\Desktop\\Citizen-Grievance-System\\backend\\src\\middleware\\authMiddleware.js:31:11\n    at C:\\Users\\M. Devika Rani\\Desktop\\Citizen-Grievance-System\\backend\\src\\utils\\asyncHandler.js:7:21\n    at Layer.handle [as handle_request] (C:\\Users\\M. Devika Rani\\Desktop\\Citizen-Grievance-System\\backend\\node_modules\\express\\lib\\router\\layer.js:95:5)\n    at next (C:\\Users\\M. Devika Rani\\Desktop\\Citizen-Grievance-System\\backend\\node_modules\\express\\lib\\router\\route.js:149:13)\n    at Route.dispatch (C:\\Users\\M. Devika Rani\\Desktop\\Citizen-Grievance-System\\backend\\node_modules\\express\\lib\\router\\route.js:119:3)\n    at Layer.handle [as handle_request] (C:\\Users\\M. Devika Rani\\Desktop\\Citizen-Grievance-System\\backend\\node_modules\\express\\lib\\router\\layer.js:95:5)\n    at C:\\Users\\M. Devika Rani\\Desktop\\Citizen-Grievance-System\\backend\\node_modules\\express\\lib\\router\\index.js:284:15\n    at router.process_params (C:\\Users\\M. Devika Rani\\Desktop\\Citizen-Grievance-System\\backend\\node_modules\\express\\lib\\router\\index.js:346:12)\n    at next (C:\\Users\\M. Devika Rani\\Desktop\\Citizen-Grievance-System\\backend\\node_modules\\express\\lib\\router\\index.js:280:10)\n    at router.handle (C:\\Users\\M. Devika Rani\\Desktop\\Citizen-Grievance-System\\backend\\node_modules\\express\\lib\\router\\index.js:175:3)","method":"GET","service":"citizen-grievance-backend","statusCode":401,"timestamp":"2026-05-25 23:49:46","url":"/api/dashboard/stats"}
{"ip":"::1","level":"warn","message":"GET /api/dashboard/stats 401 2ms","method":"GET","responseTimeMs":2,"service":"citizen-grievance-backend","statusCode":401,"timestamp":"2026-05-25 23:49:46","url":"/api/dashboard/stats"}
{"email":"admin@janseva.gov.in","level":"warn","message":"Failed login: admin@janseva.gov.in","reason":"password_mismatch","role":"admin","service":"citizen-grievance-backend","timestamp":"2026-05-25 23:50:22"}
{"ip":"::1","level":"error","message":"Error: Invalid email or password\n    at Object.loginUser (C:\\Users\\M. Devika Rani\\Desktop\\Citizen-Grievance-System\\backend\\src\\services\\authService.js:77:11)\n    at async C:\\Users\\M. Devika Rani\\Desktop\\Citizen-Grievance-System\\backend\\src\\controllers\\authController.js:80:18","method":"POST","service":"citizen-grievance-backend","statusCode":401,"timestamp":"2026-05-25 23:50:22","url":"/api/auth/login"}
{"ip":"::1","level":"warn","message":"POST /api/auth/login 401 149ms","method":"POST","responseTimeMs":149,"service":"citizen-grievance-backend","statusCode":401,"timestamp":"2026-05-25 23:50:22","url":"/api/auth/login"}
